full_name,team_logo_espn,first_td_times,first_td_rush,first_td_pass,teamTDperc,season,offense
Davante Adams,https://a.espncdn.com/i/teamlogos/nfl/500/gb.png,7,0,7,0.5833333333333334,2020,GB
Dalvin Cook,https://a.espncdn.com/i/teamlogos/nfl/500/min.png,6,6,0,0.75,2020,MIN
Jamaal Williams,https://a.espncdn.com/i/teamlogos/nfl/500/det.png,6,6,0,0.5454545454545454,2022,DET
Aaron Jones,https://a.espncdn.com/i/teamlogos/nfl/500/gb.png,5,3,2,0.45454545454545453,2019,GB
Austin Ekeler,https://a.espncdn.com/i/teamlogos/nfl/500/lac.png,5,5,0,0.5,2021,LAC
Ezekiel Elliott,https://a.espncdn.com/i/teamlogos/nfl/500/dal.png,5,5,0,0.38461538461538464,2022,DAL
Jakobi Meyers,https://a.espncdn.com/i/teamlogos/nfl/500/lv.png,5,1,4,0.5555555555555556,2023,LV
Jonathan Taylor,https://a.espncdn.com/i/teamlogos/nfl/500/ind.png,5,5,0,0.45454545454545453,2020,IND
Travis Kelce,https://a.espncdn.com/i/teamlogos/nfl/500/kc.png,5,0,5,0.4166666666666667,2022,KC
A.J. Brown,https://a.espncdn.com/i/teamlogos/nfl/500/ten.png,4,0,4,0.36363636363636365,2020,TEN
Adam Thielen,https://a.espncdn.com/i/teamlogos/nfl/500/min.png,4,0,4,0.4,2019,MIN
Alvin Kamara,https://a.espncdn.com/i/teamlogos/nfl/500/no.png,4,3,1,0.4,2020,NO
Cam Newton,https://a.espncdn.com/i/teamlogos/nfl/500/ne.png,4,4,0,0.5,2020,NE
Christian McCaffrey,https://a.espncdn.com/i/teamlogos/nfl/500-dark/car.png,4,3,1,0.6666666666666666,2019,CAR
Christian McCaffrey,https://a.espncdn.com/i/teamlogos/nfl/500/sf.png,4,2,2,0.36363636363636365,2023,SF
Cordarrelle Patterson,https://a.espncdn.com/i/teamlogos/nfl/500/atl.png,4,2,2,0.5714285714285714,2021,ATL
DK Metcalf,https://a.espncdn.com/i/teamlogos/nfl/500/sea.png,4,0,4,0.36363636363636365,2021,SEA
Damien Harris,https://a.espncdn.com/i/teamlogos/nfl/500/ne.png,4,4,0,0.4444444444444444,2021,NE
David Montgomery,https://a.espncdn.com/i/teamlogos/nfl/500/chi.png,4,3,1,0.5,2020,CHI
Dawson Knox,https://a.espncdn.com/i/teamlogos/nfl/500/buf.png,4,0,4,0.2857142857142857,2020,BUF
Ezekiel Elliott,https://a.espncdn.com/i/teamlogos/nfl/500/dal.png,4,3,1,0.4444444444444444,2021,DAL
Jalen Hurts,https://a.espncdn.com/i/teamlogos/nfl/500/phi.png,4,4,0,0.2857142857142857,2022,PHI
Jayden Reed,https://a.espncdn.com/i/teamlogos/nfl/500/gb.png,4,2,2,0.5714285714285714,2023,GB
Jeffery Wilson,https://a.espncdn.com/i/teamlogos/nfl/500/sf.png,4,3,1,0.36363636363636365,2020,SF
Jerome Ford,https://a.espncdn.com/i/teamlogos/nfl/500/cle.png,4,2,2,0.5714285714285714,2023,CLE
Jonathan Taylor,https://a.espncdn.com/i/teamlogos/nfl/500/ind.png,4,3,1,0.4,2021,IND
Justin Jefferson,https://a.espncdn.com/i/teamlogos/nfl/500/min.png,4,0,4,0.36363636363636365,2021,MIN
Justin Jefferson,https://a.espncdn.com/i/teamlogos/nfl/500/min.png,4,0,4,0.3333333333333333,2022,MIN
Leonard Fournette,https://a.espncdn.com/i/teamlogos/nfl/500/tb.png,4,3,1,0.3333333333333333,2021,TB
Mark Ingram,https://a.espncdn.com/i/teamlogos/nfl/500/bal.png,4,4,0,0.4,2019,BAL
Melvin Gordon,https://a.espncdn.com/i/teamlogos/nfl/500/lac.png,4,3,1,0.5,2019,LAC
Nick Chubb,https://a.espncdn.com/i/teamlogos/nfl/500/cle.png,4,4,0,0.4,2020,CLE
Nick Chubb,https://a.espncdn.com/i/teamlogos/nfl/500/cle.png,4,4,0,0.3076923076923077,2022,CLE
Travis Etienne,https://a.espncdn.com/i/teamlogos/nfl/500/jax.png,4,3,1,0.4444444444444444,2023,JAX
Tyreek Hill,https://a.espncdn.com/i/teamlogos/nfl/500/mia.png,4,0,4,0.5714285714285714,2023,MIA
Adam Thielen,https://a.espncdn.com/i/teamlogos/nfl/500/min.png,3,0,3,0.2727272727272727,2021,MIN
Alvin Kamara,https://a.espncdn.com/i/teamlogos/nfl/500/no.png,3,1,2,0.5,2021,NO
Amon-Ra St. Brown,https://a.espncdn.com/i/teamlogos/nfl/500/det.png,3,0,3,0.42857142857142855,2023,DET
Antonio Gibson,https://a.espncdn.com/i/teamlogos/nfl/500/wsh.png,3,3,0,0.6,2020,WAS
Austin Ekeler,https://a.espncdn.com/i/teamlogos/nfl/500/lac.png,3,3,0,0.25,2022,LAC
Brandon Aiyuk,https://a.espncdn.com/i/teamlogos/nfl/500/sf.png,3,0,3,0.2727272727272727,2023,SF
Brian Robinson,https://a.espncdn.com/i/teamlogos/nfl/500/wsh.png,3,1,2,0.6,2023,WAS
Calvin Ridley,https://a.espncdn.com/i/teamlogos/nfl/500/atl.png,3,0,3,0.375,2019,ATL
Calvin Ridley,https://a.espncdn.com/i/teamlogos/nfl/500/jax.png,3,0,3,0.3333333333333333,2023,JAX
CeeDee Lamb,https://a.espncdn.com/i/teamlogos/nfl/500/dal.png,3,1,2,0.375,2023,DAL
Chris Godwin,https://a.espncdn.com/i/teamlogos/nfl/500/tb.png,3,0,3,0.3,2019,TB
Chris Godwin,https://a.espncdn.com/i/teamlogos/nfl/500/tb.png,3,0,3,0.25,2021,TB
Chuba Hubbard,https://a.espncdn.com/i/teamlogos/nfl/500-dark/car.png,3,2,1,0.3,2021,CAR
Cole Beasley,https://a.espncdn.com/i/teamlogos/nfl/500/buf.png,3,0,3,0.375,2019,BUF
D'Andre Swift,https://a.espncdn.com/i/teamlogos/nfl/500/det.png,3,2,1,0.3,2020,DET
D.J. Moore,https://a.espncdn.com/i/teamlogos/nfl/500-dark/car.png,3,0,3,0.3333333333333333,2022,CAR
DK Metcalf,https://a.espncdn.com/i/teamlogos/nfl/500/sea.png,3,0,3,0.42857142857142855,2023,SEA
Davante Adams,https://a.espncdn.com/i/teamlogos/nfl/500/gb.png,3,0,3,0.2727272727272727,2019,GB
Davante Adams,https://a.espncdn.com/i/teamlogos/nfl/500/lv.png,3,0,3,0.42857142857142855,2022,LV
Dawson Knox,https://a.espncdn.com/i/teamlogos/nfl/500/buf.png,3,0,3,0.21428571428571427,2021,BUF
Dawson Knox,https://a.espncdn.com/i/teamlogos/nfl/500/buf.png,3,0,3,0.3,2022,BUF
DeAndre Hopkins,https://a.espncdn.com/i/teamlogos/nfl/500/ari.png,3,0,3,0.25,2021,ARI
Derrick Henry,https://a.espncdn.com/i/teamlogos/nfl/500/ten.png,3,3,0,0.2727272727272727,2020,TEN
Derrick Henry,https://a.espncdn.com/i/teamlogos/nfl/500/ten.png,3,3,0,0.2727272727272727,2022,TEN
Devin Singletary,https://a.espncdn.com/i/teamlogos/nfl/500/buf.png,3,3,0,0.21428571428571427,2021,BUF
Diontae Johnson,https://a.espncdn.com/i/teamlogos/nfl/500/pit.png,3,0,3,0.3,2020,PIT
Diontae Johnson,https://a.espncdn.com/i/teamlogos/nfl/500/pit.png,3,0,3,0.375,2021,PIT
Dontrell Hilliard,https://a.espncdn.com/i/teamlogos/nfl/500/ten.png,3,0,3,0.2727272727272727,2022,TEN
Ezekiel Elliott,https://a.espncdn.com/i/teamlogos/nfl/500/dal.png,3,2,1,0.42857142857142855,2019,DAL
Gus Edwards,https://a.espncdn.com/i/teamlogos/nfl/500/bal.png,3,3,0,0.25,2023,BAL
Ja'Marr Chase,https://a.espncdn.com/i/teamlogos/nfl/500/cin.png,3,0,3,0.2727272727272727,2022,CIN
Jacoby Brissett,https://a.espncdn.com/i/teamlogos/nfl/500/ind.png,3,3,0,0.3,2019,IND
Jaleel McLaughlin,https://a.espncdn.com/i/teamlogos/nfl/500/den.png,3,1,2,0.375,2023,DEN
Jarvis Landry,https://a.espncdn.com/i/teamlogos/nfl/500/cle.png,3,1,2,0.2727272727272727,2021,CLE
Jaylen Waddle,https://a.espncdn.com/i/teamlogos/nfl/500/mia.png,3,1,2,0.2727272727272727,2021,MIA
Joe Mixon,https://a.espncdn.com/i/teamlogos/nfl/500/cin.png,3,3,0,0.2727272727272727,2022,CIN
Jonathan Taylor,https://a.espncdn.com/i/teamlogos/nfl/500/ind.png,3,2,1,0.5,2023,IND
Jonnu Smith,https://a.espncdn.com/i/teamlogos/nfl/500/ten.png,3,0,3,0.42857142857142855,2019,TEN
Jordan Addison,https://a.espncdn.com/i/teamlogos/nfl/500/min.png,3,0,3,0.3333333333333333,2023,MIN
Josh Jacobs,https://a.espncdn.com/i/teamlogos/nfl/500/lv.png,3,3,0,0.42857142857142855,2020,LV
Justin Fields,https://a.espncdn.com/i/teamlogos/nfl/500/chi.png,3,3,0,0.375,2022,CHI
Keenan Allen,https://a.espncdn.com/i/teamlogos/nfl/500/lac.png,3,0,3,0.375,2020,LAC
Lamar Jackson,https://a.espncdn.com/i/teamlogos/nfl/500/bal.png,3,3,0,0.25,2023,BAL
Mike Evans,https://a.espncdn.com/i/teamlogos/nfl/500/tb.png,3,0,3,0.2727272727272727,2020,TB
Miles Sanders,https://a.espncdn.com/i/teamlogos/nfl/500/phi.png,3,3,0,0.21428571428571427,2022,PHI
Najee Harris,https://a.espncdn.com/i/teamlogos/nfl/500/pit.png,3,2,1,0.5,2022,PIT
Odell Beckham,https://a.espncdn.com/i/teamlogos/nfl/500/lar.png,3,0,3,0.23076923076923078,2021,LA
Patrick Mahomes,https://a.espncdn.com/i/teamlogos/nfl/500/kc.png,3,3,0,0.3,2020,KC
Raheem Mostert,https://a.espncdn.com/i/teamlogos/nfl/500/sf.png,3,2,1,0.2727272727272727,2020,SF
Sony Michel,https://a.espncdn.com/i/teamlogos/nfl/500/ne.png,3,3,0,0.2727272727272727,2019,NE
T.Y. Hilton,https://a.espncdn.com/i/teamlogos/nfl/500/ind.png,3,0,3,0.2727272727272727,2020,IND
Taysom Hill,https://a.espncdn.com/i/teamlogos/nfl/500/no.png,3,2,1,0.375,2022,NO
Todd Gurley,https://a.espncdn.com/i/teamlogos/nfl/500/lar.png,3,2,1,0.2727272727272727,2019,LA
Travis Kelce,https://a.espncdn.com/i/teamlogos/nfl/500/kc.png,3,1,2,0.21428571428571427,2021,KC
Tyreek Hill,https://a.espncdn.com/i/teamlogos/nfl/500/kc.png,3,0,3,0.3333333333333333,2019,KC
Tyreek Hill,https://a.espncdn.com/i/teamlogos/nfl/500/kc.png,3,0,3,0.3,2020,KC
Tyreek Hill,https://a.espncdn.com/i/teamlogos/nfl/500/kc.png,3,0,3,0.21428571428571427,2021,KC
Tyrell Williams,https://a.espncdn.com/i/teamlogos/nfl/500/lv.png,3,0,3,0.3,2019,LV
A.J. Dillon,https://a.espncdn.com/i/teamlogos/nfl/500/gb.png,2,2,0,0.2857142857142857,2021,GB
Aaron Jones,https://a.espncdn.com/i/teamlogos/nfl/500/gb.png,2,1,1,0.16666666666666666,2020,GB
Adam Shaheen,https://a.espncdn.com/i/teamlogos/nfl/500/mia.png,2,0,2,0.2222222222222222,2020,MIA
Adrian Peterson,https://a.espncdn.com/i/teamlogos/nfl/500/det.png,2,2,0,0.2,2020,DET
Allen Lazard,https://a.espncdn.com/i/teamlogos/nfl/500/gb.png,2,0,2,0.2857142857142857,2021,GB
Allen Robinson,https://a.espncdn.com/i/teamlogos/nfl/500/lar.png,2,0,2,0.2222222222222222,2022,LA
Alvin Kamara,https://a.espncdn.com/i/teamlogos/nfl/500/no.png,2,2,0,0.18181818181818182,2019,NO
Amari Cooper,https://a.espncdn.com/i/teamlogos/nfl/500/cle.png,2,0,2,0.15384615384615385,2022,CLE
Austin Ekeler,https://a.espncdn.com/i/teamlogos/nfl/500/lac.png,2,1,1,0.25,2019,LAC
Austin Ekeler,https://a.espncdn.com/i/teamlogos/nfl/500/lac.png,2,1,1,0.25,2020,LAC
Austin Ekeler,https://a.espncdn.com/i/teamlogos/nfl/500/lac.png,2,1,1,0.2857142857142857,2023,LAC
Austin Hooper,https://a.espncdn.com/i/teamlogos/nfl/500/cle.png,2,0,2,0.18181818181818182,2021,CLE
Boston Scott,https://a.espncdn.com/i/teamlogos/nfl/500/phi.png,2,2,0,0.2857142857142857,2021,PHI
Brandin Cooks,https://a.espncdn.com/i/teamlogos/nfl/500/hou.png,2,0,2,0.25,2021,HOU
Brandon Aiyuk,https://a.espncdn.com/i/teamlogos/nfl/500/sf.png,2,0,2,0.18181818181818182,2020,SF
Brandon Aiyuk,https://a.espncdn.com/i/teamlogos/nfl/500/sf.png,2,0,2,0.16666666666666666,2022,SF
Braxton Berrios,https://a.espncdn.com/i/teamlogos/nfl/500/nyj.png,2,2,0,0.3333333333333333,2021,NYJ
Brevin Jordan,https://a.espncdn.com/i/teamlogos/nfl/500/hou.png,2,0,2,0.25,2021,HOU
C.J. Uzomah,https://a.espncdn.com/i/teamlogos/nfl/500/cin.png,2,0,2,0.2857142857142857,2021,CIN
Calvin Ridley,https://a.espncdn.com/i/teamlogos/nfl/500/atl.png,2,0,2,0.25,2020,ATL
Cam Newton,https://a.espncdn.com/i/teamlogos/nfl/500-dark/car.png,2,2,0,0.2,2021,CAR
Carson Wentz,https://a.espncdn.com/i/teamlogos/nfl/500/phi.png,2,2,0,0.3333333333333333,2020,PHI
CeeDee Lamb,https://a.espncdn.com/i/teamlogos/nfl/500/dal.png,2,0,2,0.2222222222222222,2021,DAL
CeeDee Lamb,https://a.espncdn.com/i/teamlogos/nfl/500/dal.png,2,0,2,0.15384615384615385,2022,DAL
Chase Claypool,https://a.espncdn.com/i/teamlogos/nfl/500/pit.png,2,1,1,0.2,2020,PIT
Chris Carson,https://a.espncdn.com/i/teamlogos/nfl/500/sea.png,2,2,0,0.2222222222222222,2019,SEA
Chris Carson,https://a.espncdn.com/i/teamlogos/nfl/500/sea.png,2,1,1,0.18181818181818182,2020,SEA
Chris Godwin,https://a.espncdn.com/i/teamlogos/nfl/500/tb.png,2,0,2,0.18181818181818182,2020,TB
Clyde Edwards-Helaire,https://a.espncdn.com/i/teamlogos/nfl/500/kc.png,2,1,1,0.14285714285714285,2021,KC
Cooper Kupp,https://a.espncdn.com/i/teamlogos/nfl/500/lar.png,2,0,2,0.15384615384615385,2021,LA
Cooper Kupp,https://a.espncdn.com/i/teamlogos/nfl/500/lar.png,2,1,1,0.2222222222222222,2022,LA
Cordarrelle Patterson,https://a.espncdn.com/i/teamlogos/nfl/500/atl.png,2,2,0,0.2857142857142857,2022,ATL
Courtland Sutton,https://a.espncdn.com/i/teamlogos/nfl/500/den.png,2,0,2,0.2,2019,DEN
Courtland Sutton,https://a.espncdn.com/i/teamlogos/nfl/500/den.png,2,0,2,0.25,2023,DEN
Curtis Samuel,https://a.espncdn.com/i/teamlogos/nfl/500-dark/car.png,2,0,2,0.3333333333333333,2019,CAR
D'Ernest Johnson,https://a.espncdn.com/i/teamlogos/nfl/500/cle.png,2,2,0,0.18181818181818182,2021,CLE
D'Onta Foreman,https://a.espncdn.com/i/teamlogos/nfl/500/chi.png,2,2,0,0.3333333333333333,2023,CHI
D.J. Chark,https://a.espncdn.com/i/teamlogos/nfl/500/jax.png,2,0,2,0.5,2020,JAX
D.J. Moore,https://a.espncdn.com/i/teamlogos/nfl/500/chi.png,2,1,1,0.3333333333333333,2023,CHI
DK Metcalf,https://a.espncdn.com/i/teamlogos/nfl/500/sea.png,2,0,2,0.18181818181818182,2020,SEA
DK Metcalf,https://a.espncdn.com/i/teamlogos/nfl/500/sea.png,2,0,2,0.2857142857142857,2022,SEA
Dallas Goedert,https://a.espncdn.com/i/teamlogos/nfl/500/phi.png,2,0,2,0.3333333333333333,2019,PHI
Dallas Goedert,https://a.espncdn.com/i/teamlogos/nfl/500/phi.png,2,0,2,0.14285714285714285,2022,PHI
Dallas Goedert,https://a.espncdn.com/i/teamlogos/nfl/500/phi.png,2,0,2,0.2857142857142857,2023,PHI
Dalton Schultz,https://a.espncdn.com/i/teamlogos/nfl/500/dal.png,2,0,2,0.15384615384615385,2022,DAL
Dalvin Cook,https://a.espncdn.com/i/teamlogos/nfl/500/min.png,2,2,0,0.2,2019,MIN
Dalvin Cook,https://a.espncdn.com/i/teamlogos/nfl/500/min.png,2,2,0,0.16666666666666666,2022,MIN
Dameon Pierce,https://a.espncdn.com/i/teamlogos/nfl/500/hou.png,2,2,0,0.3333333333333333,2023,HOU
Dan Arnold,https://a.espncdn.com/i/teamlogos/nfl/500/ari.png,2,0,2,0.2222222222222222,2020,ARI
Daniel Jones,https://a.espncdn.com/i/teamlogos/nfl/500/nyg.png,2,2,0,0.2857142857142857,2022,NYG
Dante Pettis,https://a.espncdn.com/i/teamlogos/nfl/500/chi.png,2,0,2,0.25,2022,CHI
Darius Slayton,https://a.espncdn.com/i/teamlogos/nfl/500/nyg.png,2,0,2,0.2222222222222222,2020,NYG
Darren Waller,https://a.espncdn.com/i/teamlogos/nfl/500/lv.png,2,0,2,0.2857142857142857,2022,LV
Davante Adams,https://a.espncdn.com/i/teamlogos/nfl/500/gb.png,2,0,2,0.2857142857142857,2021,GB
Davante Adams,https://a.espncdn.com/i/teamlogos/nfl/500/lv.png,2,0,2,0.2222222222222222,2023,LV
David Montgomery,https://a.espncdn.com/i/teamlogos/nfl/500/chi.png,2,2,0,0.3333333333333333,2019,CHI
David Montgomery,https://a.espncdn.com/i/teamlogos/nfl/500/chi.png,2,2,0,0.2222222222222222,2021,CHI
David Montgomery,https://a.espncdn.com/i/teamlogos/nfl/500/det.png,2,2,0,0.2857142857142857,2023,DET
DeAndre Hopkins,https://a.espncdn.com/i/teamlogos/nfl/500/ari.png,2,0,2,0.3333333333333333,2022,ARI
DeVante Parker,https://a.espncdn.com/i/teamlogos/nfl/500/mia.png,2,0,2,0.2857142857142857,2019,MIA
DeVonta Smith,https://a.espncdn.com/i/teamlogos/nfl/500/phi.png,2,0,2,0.2857142857142857,2021,PHI
Deebo Samuel,https://a.espncdn.com/i/teamlogos/nfl/500/sf.png,2,1,1,0.18181818181818182,2019,SF
Deebo Samuel,https://a.espncdn.com/i/teamlogos/nfl/500/sf.png,2,2,0,0.2,2021,SF
Deebo Samuel,https://a.espncdn.com/i/teamlogos/nfl/500/sf.png,2,2,0,0.16666666666666666,2022,SF
Derrick Henry,https://a.espncdn.com/i/teamlogos/nfl/500/ten.png,2,2,0,0.2,2021,TEN
Derrick Henry,https://a.espncdn.com/i/teamlogos/nfl/500/ten.png,2,2,0,0.5,2023,TEN
Deshaun Watson,https://a.espncdn.com/i/teamlogos/nfl/500/hou.png,2,2,0,0.25,2019,HOU
Desmond Ridder,https://a.espncdn.com/i/teamlogos/nfl/500/atl.png,2,2,0,0.2857142857142857,2023,ATL
Devin Duvernay,https://a.espncdn.com/i/teamlogos/nfl/500/bal.png,2,0,1,0.16666666666666666,2022,BAL
Donald Parham,https://a.espncdn.com/i/teamlogos/nfl/500/lac.png,2,0,2,0.2,2021,LAC
Donovan Peoples-Jones,https://a.espncdn.com/i/teamlogos/nfl/500/cle.png,2,0,1,0.15384615384615385,2022,CLE
Duke Johnson,https://a.espncdn.com/i/teamlogos/nfl/500/hou.png,2,1,1,0.25,2019,HOU
Elijah Mitchell,https://a.espncdn.com/i/teamlogos/nfl/500/sf.png,2,2,0,0.2,2021,SF
Ezekiel Elliott,https://a.espncdn.com/i/teamlogos/nfl/500/ne.png,2,1,1,0.5,2023,NE
Gabe Davis,https://a.espncdn.com/i/teamlogos/nfl/500/buf.png,2,0,2,0.2,2022,BUF
Gabe Davis,https://a.espncdn.com/i/teamlogos/nfl/500/buf.png,2,0,2,0.2857142857142857,2023,BUF
Gabriel Davis,https://a.espncdn.com/i/teamlogos/nfl/500/buf.png,2,0,2,0.14285714285714285,2021,BUF
Geoff Swaim,https://a.espncdn.com/i/teamlogos/nfl/500/ten.png,2,0,2,0.2,2021,TEN
Giovani Bernard,https://a.espncdn.com/i/teamlogos/nfl/500/cin.png,2,2,0,0.25,2020,CIN
Giovani Bernard,https://a.espncdn.com/i/teamlogos/nfl/500/tb.png,2,1,1,0.16666666666666666,2021,TB
Hayden Hurst,https://a.espncdn.com/i/teamlogos/nfl/500/atl.png,2,0,2,0.25,2020,ATL
Hunter Renfrow,https://a.espncdn.com/i/teamlogos/nfl/500/lv.png,2,0,2,0.2,2019,LV
Hunter Renfrow,https://a.espncdn.com/i/teamlogos/nfl/500/lv.png,2,0,2,0.3333333333333333,2021,LV
Isaiah Likely,https://a.espncdn.com/i/teamlogos/nfl/500/bal.png,2,0,2,0.16666666666666666,2022,BAL
Isaiah McKenzie,https://a.espncdn.com/i/teamlogos/nfl/500/buf.png,2,0,2,0.14285714285714285,2020,BUF
Isiah Pacheco,https://a.espncdn.com/i/teamlogos/nfl/500/kc.png,2,2,0,0.25,2023,KC
J.K. Dobbins,https://a.espncdn.com/i/teamlogos/nfl/500/bal.png,2,1,1,0.16666666666666666,2022,BAL
Jack Doyle,https://a.espncdn.com/i/teamlogos/nfl/500/ind.png,2,0,2,0.2,2019,IND
Jake Ferguson,https://a.espncdn.com/i/teamlogos/nfl/500/dal.png,2,0,2,0.25,2023,DAL
Jalen Hurts,https://a.espncdn.com/i/teamlogos/nfl/500/phi.png,2,2,0,0.2857142857142857,2023,PHI
Jamal Agnew,https://a.espncdn.com/i/teamlogos/nfl/500/det.png,2,0,0,0.2222222222222222,2019,DET
James Conner,https://a.espncdn.com/i/teamlogos/nfl/500/ari.png,2,2,0,0.16666666666666666,2021,ARI
James Conner,https://a.espncdn.com/i/teamlogos/nfl/500/ari.png,2,2,0,0.3333333333333333,2022,ARI
James Conner,https://a.espncdn.com/i/teamlogos/nfl/500/ari.png,2,2,0,0.4,2023,ARI
James Conner,https://a.espncdn.com/i/teamlogos/nfl/500/pit.png,2,1,1,0.4,2019,PIT
James Cook,https://a.espncdn.com/i/teamlogos/nfl/500/buf.png,2,0,2,0.2857142857142857,2023,BUF
Jamison Crowder,https://a.espncdn.com/i/teamlogos/nfl/500/nyj.png,2,0,2,0.2222222222222222,2019,NYJ
Jamycal Hasty,https://a.espncdn.com/i/teamlogos/nfl/500/jax.png,2,1,1,0.25,2022,JAX
Jared Cook,https://a.espncdn.com/i/teamlogos/nfl/500/no.png,2,0,2,0.18181818181818182,2019,NO
Jared Cook,https://a.espncdn.com/i/teamlogos/nfl/500/no.png,2,0,2,0.2,2020,NO
Jarvis Landry,https://a.espncdn.com/i/teamlogos/nfl/500/cle.png,2,0,2,0.18181818181818182,2019,CLE
Jarvis Landry,https://a.espncdn.com/i/teamlogos/nfl/500/cle.png,2,0,2,0.2,2020,CLE
Jason Witten,https://a.espncdn.com/i/teamlogos/nfl/500/dal.png,2,0,2,0.2857142857142857,2019,DAL
Javonte Williams,https://a.espncdn.com/i/teamlogos/nfl/500/den.png,2,2,0,0.2857142857142857,2021,DEN
Javonte Williams,https://a.espncdn.com/i/teamlogos/nfl/500/den.png,2,1,1,0.25,2023,DEN
Jerick McKinnon,https://a.espncdn.com/i/teamlogos/nfl/500/kc.png,2,0,2,0.16666666666666666,2022,KC
Joe Burrow,https://a.espncdn.com/i/teamlogos/nfl/500/cin.png,2,2,0,0.25,2020,CIN
Joe Mixon,https://a.espncdn.com/i/teamlogos/nfl/500/cin.png,2,1,1,0.4,2019,CIN
Jonnu Smith,https://a.espncdn.com/i/teamlogos/nfl/500/ten.png,2,0,2,0.18181818181818182,2020,TEN
Josh Allen,https://a.espncdn.com/i/teamlogos/nfl/500/buf.png,2,1,1,0.25,2019,BUF
Josh Allen,https://a.espncdn.com/i/teamlogos/nfl/500/buf.png,2,1,1,0.14285714285714285,2020,BUF
Josh Allen,https://a.espncdn.com/i/teamlogos/nfl/500/buf.png,2,2,0,0.14285714285714285,2021,BUF
Josh Jacobs,https://a.espncdn.com/i/teamlogos/nfl/500/lv.png,2,2,0,0.2,2019,LV
Kadarius Toney,https://a.espncdn.com/i/teamlogos/nfl/500/kc.png,2,0,2,0.16666666666666666,2022,KC
Keenan Allen,https://a.espncdn.com/i/teamlogos/nfl/500/lac.png,2,0,2,0.25,2019,LAC
Keenan Allen,https://a.espncdn.com/i/teamlogos/nfl/500/lac.png,2,0,2,0.2,2021,LAC
Keenan Allen,https://a.espncdn.com/i/teamlogos/nfl/500/lac.png,2,0,2,0.2857142857142857,2023,LAC
Kendrick Bourne,https://a.espncdn.com/i/teamlogos/nfl/500/sf.png,2,0,2,0.18181818181818182,2019,SF
Kenneth Walker,https://a.espncdn.com/i/teamlogos/nfl/500/sea.png,2,2,0,0.2857142857142857,2023,SEA
Kenny Stills,https://a.espncdn.com/i/teamlogos/nfl/500/hou.png,2,0,2,0.25,2019,HOU
Kenyan Drake,https://a.espncdn.com/i/teamlogos/nfl/500/ari.png,2,2,0,0.2857142857142857,2019,ARI
Kirk Cousins,https://a.espncdn.com/i/teamlogos/nfl/500/min.png,2,2,0,0.16666666666666666,2022,MIN
Kyren Williams,https://a.espncdn.com/i/teamlogos/nfl/500/lar.png,2,2,0,0.4,2023,LA
La'Mical Perine,https://a.espncdn.com/i/teamlogos/nfl/500/nyj.png,2,2,0,0.3333333333333333,2020,NYJ
Larry Fitzgerald,https://a.espncdn.com/i/teamlogos/nfl/500/ari.png,2,0,2,0.2857142857142857,2019,ARI
Latavius Murray,https://a.espncdn.com/i/teamlogos/nfl/500/bal.png,2,2,0,0.2222222222222222,2021,BAL
Latavius Murray,https://a.espncdn.com/i/teamlogos/nfl/500/no.png,2,2,0,0.18181818181818182,2019,NO
Leonard Fournette,https://a.espncdn.com/i/teamlogos/nfl/500/tb.png,2,2,0,0.2857142857142857,2022,TB
Malcolm Brown,https://a.espncdn.com/i/teamlogos/nfl/500/lar.png,2,2,0,0.18181818181818182,2019,LA
Marcus Jones,https://a.espncdn.com/i/teamlogos/nfl/500/ne.png,2,0,1,0.25,2022,NE
Mark Andrews,https://a.espncdn.com/i/teamlogos/nfl/500/bal.png,2,0,2,0.2,2019,BAL
Mark Andrews,https://a.espncdn.com/i/teamlogos/nfl/500/bal.png,2,0,2,0.2,2020,BAL
Mark Andrews,https://a.espncdn.com/i/teamlogos/nfl/500/bal.png,2,0,2,0.2222222222222222,2021,BAL
Mark Andrews,https://a.espncdn.com/i/teamlogos/nfl/500/bal.png,2,0,2,0.16666666666666666,2022,BAL
Marvin Jones,https://a.espncdn.com/i/teamlogos/nfl/500/det.png,2,0,2,0.2,2020,DET
Melvin Gordon,https://a.espncdn.com/i/teamlogos/nfl/500/den.png,2,1,1,0.2857142857142857,2021,DEN
Michael Carter,https://a.espncdn.com/i/teamlogos/nfl/500/nyj.png,2,2,0,0.3333333333333333,2021,NYJ
Michael Thomas,https://a.espncdn.com/i/teamlogos/nfl/500/no.png,2,0,2,0.18181818181818182,2019,NO
Mike Davis,https://a.espncdn.com/i/teamlogos/nfl/500-dark/car.png,2,2,0,0.3333333333333333,2020,CAR
Mike Gesicki,https://a.espncdn.com/i/teamlogos/nfl/500/mia.png,2,0,2,0.2222222222222222,2020,MIA
Miles Boykin,https://a.espncdn.com/i/teamlogos/nfl/500/bal.png,2,0,2,0.2,2020,BAL
Najee Harris,https://a.espncdn.com/i/teamlogos/nfl/500/pit.png,2,1,1,0.25,2021,PIT
Najee Harris,https://a.espncdn.com/i/teamlogos/nfl/500/pit.png,2,2,0,0.6666666666666666,2023,PIT
Nelson Agholor,https://a.espncdn.com/i/teamlogos/nfl/500/ne.png,2,0,2,0.2222222222222222,2021,NE
Nick Chubb,https://a.espncdn.com/i/teamlogos/nfl/500/cle.png,2,2,0,0.18181818181818182,2019,CLE
Nick Chubb,https://a.espncdn.com/i/teamlogos/nfl/500/cle.png,2,2,0,0.18181818181818182,2021,CLE
Nico Collins,https://a.espncdn.com/i/teamlogos/nfl/500/hou.png,2,0,2,0.3333333333333333,2023,HOU
Noah Fant,https://a.espncdn.com/i/teamlogos/nfl/500/den.png,2,0,2,0.2,2019,DEN
Nyheim Hines,https://a.espncdn.com/i/teamlogos/nfl/500/ind.png,2,1,1,0.2,2021,IND
Olamide Zaccheaus,https://a.espncdn.com/i/teamlogos/nfl/500/atl.png,2,0,2,0.2857142857142857,2021,ATL
Patrick Mahomes,https://a.espncdn.com/i/teamlogos/nfl/500/kc.png,2,2,0,0.2222222222222222,2019,KC
Peyton Barber,https://a.espncdn.com/i/teamlogos/nfl/500/tb.png,2,2,0,0.2,2019,TB
Phillip Lindsay,https://a.espncdn.com/i/teamlogos/nfl/500/den.png,2,2,0,0.2,2019,DEN
Rachaad White,https://a.espncdn.com/i/teamlogos/nfl/500/tb.png,2,1,1,0.5,2023,TB
Raheem Mostert,https://a.espncdn.com/i/teamlogos/nfl/500/mia.png,2,1,1,0.3333333333333333,2022,MIA
Raheem Mostert,https://a.espncdn.com/i/teamlogos/nfl/500/sf.png,2,2,0,0.18181818181818182,2019,SF
Ray-Ray McCloud,https://a.espncdn.com/i/teamlogos/nfl/500/sf.png,2,1,1,0.16666666666666666,2022,SF
Rhamondre Stevenson,https://a.espncdn.com/i/teamlogos/nfl/500/ne.png,2,1,1,0.25,2022,NE
Rob Gronkowski,https://a.espncdn.com/i/teamlogos/nfl/500/tb.png,2,0,2,0.18181818181818182,2020,TB
Robby Anderson,https://a.espncdn.com/i/teamlogos/nfl/500/nyj.png,2,0,2,0.2222222222222222,2019,NYJ
Robert Tonyan,https://a.espncdn.com/i/teamlogos/nfl/500/gb.png,2,0,2,0.16666666666666666,2020,GB
Robert Woods,https://a.espncdn.com/i/teamlogos/nfl/500/lar.png,2,1,1,0.2222222222222222,2020,LA
Ronald Jones,https://a.espncdn.com/i/teamlogos/nfl/500/tb.png,2,2,0,0.2,2019,TB
Royce Freeman,https://a.espncdn.com/i/teamlogos/nfl/500/den.png,2,2,0,0.2,2019,DEN
Salvon Ahmed,https://a.espncdn.com/i/teamlogos/nfl/500/mia.png,2,2,0,0.2222222222222222,2020,MIA
Sam Darnold,https://a.espncdn.com/i/teamlogos/nfl/500/nyj.png,2,2,0,0.2222222222222222,2019,NYJ
Samaje Perine,https://a.espncdn.com/i/teamlogos/nfl/500/cin.png,2,0,2,0.18181818181818182,2022,CIN
Sony Michel,https://a.espncdn.com/i/teamlogos/nfl/500/lar.png,2,2,0,0.15384615384615385,2021,LA
Steven Sims,https://a.espncdn.com/i/teamlogos/nfl/500/wsh.png,2,1,0,0.3333333333333333,2019,WAS
T.J. Hockenson,https://a.espncdn.com/i/teamlogos/nfl/500/min.png,2,0,2,0.2222222222222222,2023,MIN
Teagan Quitoriano,https://a.espncdn.com/i/teamlogos/nfl/500/hou.png,2,0,2,0.3333333333333333,2022,HOU
Terry McLaurin,https://a.espncdn.com/i/teamlogos/nfl/500/wsh.png,2,0,2,0.3333333333333333,2019,WAS
Terry McLaurin,https://a.espncdn.com/i/teamlogos/nfl/500/wsh.png,2,0,2,0.25,2022,WAS
Tre'Quan Smith,https://a.espncdn.com/i/teamlogos/nfl/500/no.png,2,0,2,0.2,2020,NO
Trevor Lawrence,https://a.espncdn.com/i/teamlogos/nfl/500/jax.png,2,2,0,0.25,2022,JAX
Tutu Atwell,https://a.espncdn.com/i/teamlogos/nfl/500/lar.png,2,1,1,0.2222222222222222,2022,LA
Tyler Boyd,https://a.espncdn.com/i/teamlogos/nfl/500/cin.png,2,0,2,0.4,2019,CIN
Tyler Higbee,https://a.espncdn.com/i/teamlogos/nfl/500/lar.png,2,0,2,0.15384615384615385,2021,LA
Tyler Lockett,https://a.espncdn.com/i/teamlogos/nfl/500/sea.png,2,0,2,0.2222222222222222,2019,SEA
Tyler Lockett,https://a.espncdn.com/i/teamlogos/nfl/500/sea.png,2,0,2,0.18181818181818182,2020,SEA
Tyler Lockett,https://a.espncdn.com/i/teamlogos/nfl/500/sea.png,2,0,2,0.18181818181818182,2021,SEA
Wayne Gallman,https://a.espncdn.com/i/teamlogos/nfl/500/nyg.png,2,2,0,0.2222222222222222,2020,NYG
Will Dissly,https://a.espncdn.com/i/teamlogos/nfl/500/sea.png,2,0,2,0.2857142857142857,2022,SEA
Zach Pascal,https://a.espncdn.com/i/teamlogos/nfl/500/ind.png,2,0,2,0.2,2019,IND
Zack Moss,https://a.espncdn.com/i/teamlogos/nfl/500/buf.png,2,2,0,0.14285714285714285,2020,BUF
Zander Horvath,https://a.espncdn.com/i/teamlogos/nfl/500/lac.png,2,0,2,0.16666666666666666,2022,LAC
Zay Flowers,https://a.espncdn.com/i/teamlogos/nfl/500/bal.png,2,0,2,0.16666666666666666,2023,BAL
A.J. Brown,https://a.espncdn.com/i/teamlogos/nfl/500/phi.png,1,0,1,0.07142857142857142,2022,PHI
A.J. Brown,https://a.espncdn.com/i/teamlogos/nfl/500/ten.png,1,0,1,0.14285714285714285,2019,TEN
A.J. Dillon,https://a.espncdn.com/i/teamlogos/nfl/500/gb.png,1,1,0,0.16666666666666666,2022,GB
A.J. Green,https://a.espncdn.com/i/teamlogos/nfl/500/ari.png,1,0,1,0.08333333333333333,2021,ARI
A.J. Green,https://a.espncdn.com/i/teamlogos/nfl/500/ari.png,1,0,1,0.16666666666666666,2022,ARI
Aaron Jones,https://a.espncdn.com/i/teamlogos/nfl/500/gb.png,1,0,1,0.16666666666666666,2022,GB
Aaron Jones,https://a.espncdn.com/i/teamlogos/nfl/500/gb.png,1,1,0,0.14285714285714285,2023,GB
Aaron Rodgers,https://a.espncdn.com/i/teamlogos/nfl/500/gb.png,1,1,0,0.14285714285714285,2021,GB
Adam Thielen,https://a.espncdn.com/i/teamlogos/nfl/500/min.png,1,0,1,0.125,2020,MIN
Adam Thielen,https://a.espncdn.com/i/teamlogos/nfl/500/min.png,1,0,1,0.08333333333333333,2022,MIN
Adam Trautman,https://a.espncdn.com/i/teamlogos/nfl/500/no.png,1,0,1,0.16666666666666666,2021,NO
Adrian Peterson,https://a.espncdn.com/i/teamlogos/nfl/500/wsh.png,1,1,0,0.16666666666666666,2019,WAS
Albert Wilson,https://a.espncdn.com/i/teamlogos/nfl/500/mia.png,1,0,1,0.14285714285714285,2019,MIA
Aldon Smith,https://a.espncdn.com/i/teamlogos/nfl/500/dal.png,1,0,0,0.25,2020,DAL
Alex Collins,https://a.espncdn.com/i/teamlogos/nfl/500/sea.png,1,1,0,0.09090909090909091,2020,SEA
Alex Highsmith,https://a.espncdn.com/i/teamlogos/nfl/500/pit.png,1,0,0,0.3333333333333333,2023,PIT
Alexander Mattison,https://a.espncdn.com/i/teamlogos/nfl/500/min.png,1,0,1,0.09090909090909091,2021,MIN
Alexander Mattison,https://a.espncdn.com/i/teamlogos/nfl/500/min.png,1,0,1,0.08333333333333333,2022,MIN
Alexander Mattison,https://a.espncdn.com/i/teamlogos/nfl/500/min.png,1,0,1,0.1111111111111111,2023,MIN
Alfred Morris,https://a.espncdn.com/i/teamlogos/nfl/500/nyg.png,1,1,0,0.1111111111111111,2020,NYG
Allen Lazard,https://a.espncdn.com/i/teamlogos/nfl/500/gb.png,1,0,1,0.16666666666666666,2022,GB
Allen Robinson,https://a.espncdn.com/i/teamlogos/nfl/500/chi.png,1,0,1,0.16666666666666666,2019,CHI
Allen Robinson,https://a.espncdn.com/i/teamlogos/nfl/500/chi.png,1,0,1,0.125,2020,CHI
Allen Robinson,https://a.espncdn.com/i/teamlogos/nfl/500/chi.png,1,0,1,0.1111111111111111,2021,CHI
Alshon Jeffery,https://a.espncdn.com/i/teamlogos/nfl/500/phi.png,1,0,1,0.16666666666666666,2020,PHI
Alvin Kamara,https://a.espncdn.com/i/teamlogos/nfl/500/no.png,1,1,0,0.125,2022,NO
Alvin Kamara,https://a.espncdn.com/i/teamlogos/nfl/500/no.png,1,1,0,0.2,2023,NO
Amari Cooper,https://a.espncdn.com/i/teamlogos/nfl/500/cle.png,1,0,1,0.14285714285714285,2023,CLE
Amari Cooper,https://a.espncdn.com/i/teamlogos/nfl/500/dal.png,1,0,1,0.14285714285714285,2019,DAL
Amari Cooper,https://a.espncdn.com/i/teamlogos/nfl/500/dal.png,1,0,1,0.1111111111111111,2021,DAL
Amon-Ra St. Brown,https://a.espncdn.com/i/teamlogos/nfl/500/det.png,1,0,1,0.2,2021,DET
Amon-Ra St. Brown,https://a.espncdn.com/i/teamlogos/nfl/500/det.png,1,0,1,0.09090909090909091,2022,DET
Andre Cisco,https://a.espncdn.com/i/teamlogos/nfl/500/jax.png,1,0,0,0.125,2022,JAX
Andrew Adams,https://a.espncdn.com/i/teamlogos/nfl/500/ten.png,1,0,0,0.09090909090909091,2022,TEN
Andrew Beck,https://a.espncdn.com/i/teamlogos/nfl/500/den.png,1,0,1,0.1,2019,DEN
Andrew Beck,https://a.espncdn.com/i/teamlogos/nfl/500/hou.png,1,1,0,0.16666666666666666,2023,HOU
Andy Isabella,https://a.espncdn.com/i/teamlogos/nfl/500/ari.png,1,0,1,0.1111111111111111,2020,ARI
Andy Janovich,https://a.espncdn.com/i/teamlogos/nfl/500/cle.png,1,1,0,0.09090909090909091,2021,CLE
Anthony Firkser,https://a.espncdn.com/i/teamlogos/nfl/500/ten.png,1,0,1,0.14285714285714285,2019,TEN
Anthony Firkser,https://a.espncdn.com/i/teamlogos/nfl/500/ten.png,1,0,1,0.09090909090909091,2020,TEN
Anthony Firkser,https://a.espncdn.com/i/teamlogos/nfl/500/ten.png,1,0,1,0.1,2021,TEN
Anthony Richardson,https://a.espncdn.com/i/teamlogos/nfl/500/ind.png,1,1,0,0.16666666666666666,2023,IND
Anthony Schwartz,https://a.espncdn.com/i/teamlogos/nfl/500/cle.png,1,1,0,0.07692307692307693,2022,CLE
Antoine Wesley,https://a.espncdn.com/i/teamlogos/nfl/500/ari.png,1,0,1,0.08333333333333333,2021,ARI
Antonio Brown,https://a.espncdn.com/i/teamlogos/nfl/500/tb.png,1,0,1,0.09090909090909091,2020,TB
Antonio Gibson,https://a.espncdn.com/i/teamlogos/nfl/500/wsh.png,1,1,0,0.2,2021,WAS
Antonio Gibson,https://a.espncdn.com/i/teamlogos/nfl/500/wsh.png,1,0,1,0.125,2022,WAS
Antony Auclair,https://a.espncdn.com/i/teamlogos/nfl/500/hou.png,1,0,1,0.125,2021,HOU
Austin Hooper,https://a.espncdn.com/i/teamlogos/nfl/500/atl.png,1,0,1,0.125,2019,ATL
Austin Hooper,https://a.espncdn.com/i/teamlogos/nfl/500/cle.png,1,0,1,0.1,2020,CLE
Baker Mayfield,https://a.espncdn.com/i/teamlogos/nfl/500/cle.png,1,1,0,0.09090909090909091,2019,CLE
Baker Mayfield,https://a.espncdn.com/i/teamlogos/nfl/500/tb.png,1,1,0,0.25,2023,TB
Ben Braunecker,https://a.espncdn.com/i/teamlogos/nfl/500/chi.png,1,0,1,0.16666666666666666,2019,CHI
Ben Sims,https://a.espncdn.com/i/teamlogos/nfl/500/gb.png,1,0,1,0.14285714285714285,2023,GB
Benny Snell,https://a.espncdn.com/i/teamlogos/nfl/500/pit.png,1,1,0,0.2,2019,PIT
Bijan Robinson,https://a.espncdn.com/i/teamlogos/nfl/500/atl.png,1,0,1,0.14285714285714285,2023,ATL
Bisi Johnson,https://a.espncdn.com/i/teamlogos/nfl/500/min.png,1,0,1,0.1,2019,MIN
Bo Scarbrough,https://a.espncdn.com/i/teamlogos/nfl/500/det.png,1,1,0,0.1111111111111111,2019,DET
Bobby McCain,https://a.espncdn.com/i/teamlogos/nfl/500/wsh.png,1,0,0,0.2,2021,WAS
Boston Scott,https://a.espncdn.com/i/teamlogos/nfl/500/phi.png,1,1,0,0.07142857142857142,2022,PHI
Bradley Roby,https://a.espncdn.com/i/teamlogos/nfl/500/hou.png,1,0,0,0.125,2019,HOU
Brandin Cooks,https://a.espncdn.com/i/teamlogos/nfl/500/hou.png,1,0,1,0.16666666666666666,2022,HOU
Brandin Cooks,https://a.espncdn.com/i/teamlogos/nfl/500/lar.png,1,0,1,0.09090909090909091,2019,LA
Brandon Bolden,https://a.espncdn.com/i/teamlogos/nfl/500/ne.png,1,1,0,0.09090909090909091,2019,NE
Brandon Wilson,https://a.espncdn.com/i/teamlogos/nfl/500/cin.png,1,0,0,0.2,2019,CIN
Brandon Zylstra,https://a.espncdn.com/i/teamlogos/nfl/500-dark/car.png,1,0,0,0.16666666666666666,2020,CAR
Brandon Zylstra,https://a.espncdn.com/i/teamlogos/nfl/500-dark/car.png,1,0,1,0.1,2021,CAR
Braxton Berrios,https://a.espncdn.com/i/teamlogos/nfl/500/nyj.png,1,0,1,0.16666666666666666,2020,NYJ
Braxton Berrios,https://a.espncdn.com/i/teamlogos/nfl/500/nyj.png,1,1,0,0.16666666666666666,2022,NYJ
Breece Hall,https://a.espncdn.com/i/teamlogos/nfl/500/nyj.png,1,1,0,0.16666666666666666,2022,NYJ
Breece Hall,https://a.espncdn.com/i/teamlogos/nfl/500/nyj.png,1,0,1,0.5,2023,NYJ
Breshad Perriman,https://a.espncdn.com/i/teamlogos/nfl/500/tb.png,1,0,1,0.1,2019,TB
Breshad Perriman,https://a.espncdn.com/i/teamlogos/nfl/500/tb.png,1,0,1,0.14285714285714285,2022,TB
Brian Robinson,https://a.espncdn.com/i/teamlogos/nfl/500/wsh.png,1,0,1,0.125,2022,WAS
Brock Wright,https://a.espncdn.com/i/teamlogos/nfl/500/det.png,1,0,1,0.09090909090909091,2022,DET
Bryan Edwards,https://a.espncdn.com/i/teamlogos/nfl/500/lv.png,1,0,1,0.16666666666666666,2021,LV
Bryce Callahan,https://a.espncdn.com/i/teamlogos/nfl/500/lac.png,1,0,0,0.08333333333333333,2022,LAC
Byron Pringle,https://a.espncdn.com/i/teamlogos/nfl/500/kc.png,1,0,1,0.1,2020,KC
C.J. Mosley,https://a.espncdn.com/i/teamlogos/nfl/500/nyj.png,1,0,0,0.1111111111111111,2019,NYJ
Cade Otton,https://a.espncdn.com/i/teamlogos/nfl/500/tb.png,1,0,1,0.25,2023,TB
Cam Akers,https://a.espncdn.com/i/teamlogos/nfl/500/lar.png,1,1,0,0.1111111111111111,2022,LA
Cam Akers,https://a.espncdn.com/i/teamlogos/nfl/500/min.png,1,1,0,0.1111111111111111,2023,MIN
Cameron Brate,https://a.espncdn.com/i/teamlogos/nfl/500/tb.png,1,0,1,0.09090909090909091,2020,TB
Carson Wentz,https://a.espncdn.com/i/teamlogos/nfl/500/wsh.png,1,1,0,0.125,2022,WAS
CeeDee Lamb,https://a.espncdn.com/i/teamlogos/nfl/500/dal.png,1,0,1,0.25,2020,DAL
Chase Brown,https://a.espncdn.com/i/teamlogos/nfl/500/cin.png,1,0,1,0.14285714285714285,2023,CIN
Chase Edmonds,https://a.espncdn.com/i/teamlogos/nfl/500/ari.png,1,1,0,0.14285714285714285,2019,ARI
Chase Edmonds,https://a.espncdn.com/i/teamlogos/nfl/500/ari.png,1,1,0,0.1111111111111111,2020,ARI
Chase Edmonds,https://a.espncdn.com/i/teamlogos/nfl/500/ari.png,1,1,0,0.08333333333333333,2021,ARI
Chase Winovich,https://a.espncdn.com/i/teamlogos/nfl/500/ne.png,1,0,0,0.09090909090909091,2019,NE
Chester Rogers,https://a.espncdn.com/i/teamlogos/nfl/500/ten.png,1,0,1,0.1,2021,TEN
Chigoziem Okonkwo,https://a.espncdn.com/i/teamlogos/nfl/500/ten.png,1,0,1,0.09090909090909091,2022,TEN
Chris Banjo,https://a.espncdn.com/i/teamlogos/nfl/500/ari.png,1,0,0,0.16666666666666666,2022,ARI
Chris Evans,https://a.espncdn.com/i/teamlogos/nfl/500/cin.png,1,0,1,0.14285714285714285,2021,CIN
Chris Moore,https://a.espncdn.com/i/teamlogos/nfl/500/hou.png,1,0,1,0.16666666666666666,2022,HOU
Chris Myarick,https://a.espncdn.com/i/teamlogos/nfl/500/nyg.png,1,0,1,0.16666666666666666,2021,NYG
Chris Olave,https://a.espncdn.com/i/teamlogos/nfl/500/no.png,1,0,1,0.125,2022,NO
Christian Kirk,https://a.espncdn.com/i/teamlogos/nfl/500/ari.png,1,0,1,0.1111111111111111,2020,ARI
Christian Kirk,https://a.espncdn.com/i/teamlogos/nfl/500/ari.png,1,0,1,0.08333333333333333,2021,ARI
Christian Kirk,https://a.espncdn.com/i/teamlogos/nfl/500/jax.png,1,0,1,0.125,2022,JAX
Christian McCaffrey,https://a.espncdn.com/i/teamlogos/nfl/500-dark/car.png,1,0,1,0.16666666666666666,2020,CAR
Christian McCaffrey,https://a.espncdn.com/i/teamlogos/nfl/500/sf.png,1,0,1,0.08333333333333333,2022,SF
Christian Watson,https://a.espncdn.com/i/teamlogos/nfl/500/gb.png,1,1,0,0.16666666666666666,2022,GB
Christian Wilkins,https://a.espncdn.com/i/teamlogos/nfl/500/mia.png,1,0,1,0.14285714285714285,2019,MIA
Chuba Hubbard,https://a.espncdn.com/i/teamlogos/nfl/500-dark/car.png,1,1,0,0.25,2023,CAR
Chuck Clark,https://a.espncdn.com/i/teamlogos/nfl/500/bal.png,1,0,0,0.1111111111111111,2021,BAL
Clyde Edwards-Helaire,https://a.espncdn.com/i/teamlogos/nfl/500/kc.png,1,1,0,0.1,2020,KC
Cody Latimer,https://a.espncdn.com/i/teamlogos/nfl/500/nyg.png,1,0,1,0.14285714285714285,2019,NYG
Colby Parkinson,https://a.espncdn.com/i/teamlogos/nfl/500/sea.png,1,0,1,0.14285714285714285,2022,SEA
Cole Kmet,https://a.espncdn.com/i/teamlogos/nfl/500/chi.png,1,0,1,0.125,2020,CHI
Cole Kmet,https://a.espncdn.com/i/teamlogos/nfl/500/chi.png,1,0,1,0.125,2022,CHI
Cole Kmet,https://a.espncdn.com/i/teamlogos/nfl/500/chi.png,1,0,1,0.16666666666666666,2023,CHI
Colin Thompson,https://a.espncdn.com/i/teamlogos/nfl/500-dark/car.png,1,0,1,0.16666666666666666,2020,CAR
Connor Heyward,https://a.espncdn.com/i/teamlogos/nfl/500/pit.png,1,0,1,0.16666666666666666,2022,PIT
Cooper Kupp,https://a.espncdn.com/i/teamlogos/nfl/500/lar.png,1,0,1,0.09090909090909091,2019,LA
Cooper Kupp,https://a.espncdn.com/i/teamlogos/nfl/500/lar.png,1,0,1,0.2,2023,LA
Courtland Sutton,https://a.espncdn.com/i/teamlogos/nfl/500/den.png,1,0,1,0.16666666666666666,2022,DEN
Curtis Samuel,https://a.espncdn.com/i/teamlogos/nfl/500-dark/car.png,1,1,0,0.16666666666666666,2020,CAR
Curtis Samuel,https://a.espncdn.com/i/teamlogos/nfl/500/wsh.png,1,0,1,0.125,2022,WAS
Curtis Samuel,https://a.espncdn.com/i/teamlogos/nfl/500/wsh.png,1,1,0,0.2,2023,WAS
D'Andre Swift,https://a.espncdn.com/i/teamlogos/nfl/500/det.png,1,0,1,0.2,2021,DET
D'Onta Foreman,https://a.espncdn.com/i/teamlogos/nfl/500/ten.png,1,0,1,0.09090909090909091,2020,TEN
D'Onta Foreman,https://a.espncdn.com/i/teamlogos/nfl/500/ten.png,1,1,0,0.1,2021,TEN
D.J. Chark,https://a.espncdn.com/i/teamlogos/nfl/500-dark/car.png,1,0,1,0.25,2023,CAR
D.J. Chark,https://a.espncdn.com/i/teamlogos/nfl/500/jax.png,1,0,1,0.3333333333333333,2019,JAX
D.J. Moore,https://a.espncdn.com/i/teamlogos/nfl/500-dark/car.png,1,0,1,0.1,2021,CAR
D.K. Metcalf,https://a.espncdn.com/i/teamlogos/nfl/500/sea.png,1,0,1,0.1111111111111111,2019,SEA
Dak Prescott,https://a.espncdn.com/i/teamlogos/nfl/500/dal.png,1,1,0,0.07692307692307693,2022,DAL
Dalton Schultz,https://a.espncdn.com/i/teamlogos/nfl/500/hou.png,1,0,1,0.16666666666666666,2023,HOU
Dalvin Cook,https://a.espncdn.com/i/teamlogos/nfl/500/min.png,1,1,0,0.09090909090909091,2021,MIN
Dameon Pierce,https://a.espncdn.com/i/teamlogos/nfl/500/hou.png,1,1,0,0.16666666666666666,2022,HOU
Damien Harris,https://a.espncdn.com/i/teamlogos/nfl/500/ne.png,1,1,0,0.125,2020,NE
Damien Williams,https://a.espncdn.com/i/teamlogos/nfl/500/chi.png,1,0,1,0.1111111111111111,2021,CHI
Damion Ratley,https://a.espncdn.com/i/teamlogos/nfl/500/cle.png,1,0,1,0.09090909090909091,2019,CLE
Dan Arnold,https://a.espncdn.com/i/teamlogos/nfl/500/ari.png,1,0,1,0.14285714285714285,2019,ARI
Daniel Brown,https://a.espncdn.com/i/teamlogos/nfl/500/nyj.png,1,0,1,0.1111111111111111,2019,NYJ
Daniel Jones,https://a.espncdn.com/i/teamlogos/nfl/500/nyg.png,1,1,0,0.1111111111111111,2020,NYG
Daniel Jones,https://a.espncdn.com/i/teamlogos/nfl/500/nyg.png,1,1,0,0.16666666666666666,2021,NYG
Danny Amendola,https://a.espncdn.com/i/teamlogos/nfl/500/det.png,1,0,1,0.1111111111111111,2019,DET
Dante Fowler,https://a.espncdn.com/i/teamlogos/nfl/500/lar.png,1,0,0,0.09090909090909091,2019,LA
Dante Pettis,https://a.espncdn.com/i/teamlogos/nfl/500/nyg.png,1,0,1,0.16666666666666666,2021,NYG
Darious Williams,https://a.espncdn.com/i/teamlogos/nfl/500/lar.png,1,0,0,0.1111111111111111,2020,LA
Darius Slay,https://a.espncdn.com/i/teamlogos/nfl/500/phi.png,1,0,0,0.14285714285714285,2023,PHI
Darius Slayton,https://a.espncdn.com/i/teamlogos/nfl/500/nyg.png,1,0,1,0.14285714285714285,2019,NYG
Darius Slayton,https://a.espncdn.com/i/teamlogos/nfl/500/nyg.png,1,0,1,0.14285714285714285,2022,NYG
Darnell Mooney,https://a.espncdn.com/i/teamlogos/nfl/500/chi.png,1,0,1,0.125,2020,CHI
Darnell Mooney,https://a.espncdn.com/i/teamlogos/nfl/500/chi.png,1,0,1,0.1111111111111111,2021,CHI
Darrel Williams,https://a.espncdn.com/i/teamlogos/nfl/500/kc.png,1,0,1,0.1111111111111111,2019,KC
Darrel Williams,https://a.espncdn.com/i/teamlogos/nfl/500/kc.png,1,1,0,0.07142857142857142,2021,KC
Darrell Henderson,https://a.espncdn.com/i/teamlogos/nfl/500/lar.png,1,1,0,0.1111111111111111,2020,LA
Darrell Henderson,https://a.espncdn.com/i/teamlogos/nfl/500/lar.png,1,0,1,0.07692307692307693,2021,LA
Darren Fells,https://a.espncdn.com/i/teamlogos/nfl/500/hou.png,1,0,1,0.125,2019,HOU
Darren Waller,https://a.espncdn.com/i/teamlogos/nfl/500/nyg.png,1,0,1,0.3333333333333333,2023,NYG
David Blough,https://a.espncdn.com/i/teamlogos/nfl/500/det.png,1,0,1,0.1111111111111111,2019,DET
David Johnson,https://a.espncdn.com/i/teamlogos/nfl/500/hou.png,1,1,0,0.5,2020,HOU
David Montgomery,https://a.espncdn.com/i/teamlogos/nfl/500/chi.png,1,1,0,0.125,2022,CHI
David Moore,https://a.espncdn.com/i/teamlogos/nfl/500/sea.png,1,0,1,0.09090909090909091,2020,SEA
David Njoku,https://a.espncdn.com/i/teamlogos/nfl/500/cle.png,1,0,1,0.07692307692307693,2022,CLE
David Njoku,https://a.espncdn.com/i/teamlogos/nfl/500/cle.png,1,0,1,0.14285714285714285,2023,CLE
Dawson Knox,https://a.espncdn.com/i/teamlogos/nfl/500/buf.png,1,0,1,0.125,2019,BUF
DeAndre Carter,https://a.espncdn.com/i/teamlogos/nfl/500/lac.png,1,0,1,0.08333333333333333,2022,LAC
DeAndre Carter,https://a.espncdn.com/i/teamlogos/nfl/500/wsh.png,1,0,1,0.2,2021,WAS
DeAndre Hopkins,https://a.espncdn.com/i/teamlogos/nfl/500/ari.png,1,0,1,0.1111111111111111,2020,ARI
DeAndre Hopkins,https://a.espncdn.com/i/teamlogos/nfl/500/ten.png,1,0,1,0.25,2023,TEN
DeAndre Washington,https://a.espncdn.com/i/teamlogos/nfl/500/lv.png,1,1,0,0.1,2019,LV
DeSean Jackson,https://a.espncdn.com/i/teamlogos/nfl/500/lv.png,1,0,1,0.16666666666666666,2021,LV
DeVante Parker,https://a.espncdn.com/i/teamlogos/nfl/500/mia.png,1,0,1,0.1111111111111111,2020,MIA
DeVonta Smith,https://a.espncdn.com/i/teamlogos/nfl/500/phi.png,1,0,1,0.07142857142857142,2022,PHI
DeeJay Dallas,https://a.espncdn.com/i/teamlogos/nfl/500/sea.png,1,1,0,0.09090909090909091,2021,SEA
Deebo Samuel,https://a.espncdn.com/i/teamlogos/nfl/500/sf.png,1,0,1,0.09090909090909091,2020,SF
Deebo Samuel,https://a.espncdn.com/i/teamlogos/nfl/500/sf.png,1,1,0,0.09090909090909091,2023,SF
Demarcus Lawrence,https://a.espncdn.com/i/teamlogos/nfl/500/dal.png,1,0,0,0.07692307692307693,2022,DAL
Demarcus Robinson,https://a.espncdn.com/i/teamlogos/nfl/500/bal.png,1,0,1,0.08333333333333333,2022,BAL
Demarcus Robinson,https://a.espncdn.com/i/teamlogos/nfl/500/kc.png,1,0,1,0.07142857142857142,2021,KC
Demetrius Harris,https://a.espncdn.com/i/teamlogos/nfl/500/cle.png,1,0,1,0.09090909090909091,2019,CLE
Denzel Ward,https://a.espncdn.com/i/teamlogos/nfl/500/cle.png,1,0,0,0.09090909090909091,2019,CLE
Denzel Ward,https://a.espncdn.com/i/teamlogos/nfl/500/cle.png,1,0,0,0.09090909090909091,2021,CLE
Deonte Harris,https://a.espncdn.com/i/teamlogos/nfl/500/no.png,1,0,0,0.09090909090909091,2019,NO
Deonte Harris,https://a.espncdn.com/i/teamlogos/nfl/500/no.png,1,0,1,0.16666666666666666,2021,NO
Deonte Harty,https://a.espncdn.com/i/teamlogos/nfl/500/buf.png,1,0,1,0.14285714285714285,2023,BUF
Derek Carr,https://a.espncdn.com/i/teamlogos/nfl/500/lv.png,1,1,0,0.14285714285714285,2020,LV
Derius Davis,https://a.espncdn.com/i/teamlogos/nfl/500/lac.png,1,0,0,0.14285714285714285,2023,LAC
Derrick Henry,https://a.espncdn.com/i/teamlogos/nfl/500/ten.png,1,1,0,0.14285714285714285,2019,TEN
Deshaun Watson,https://a.espncdn.com/i/teamlogos/nfl/500/cle.png,1,1,0,0.07692307692307693,2022,CLE
Deshaun Watson,https://a.espncdn.com/i/teamlogos/nfl/500/cle.png,1,1,0,0.14285714285714285,2023,CLE
Devin Bush,https://a.espncdn.com/i/teamlogos/nfl/500/pit.png,1,0,0,0.2,2019,PIT
Devin Duvernay,https://a.espncdn.com/i/teamlogos/nfl/500/bal.png,1,0,1,0.1111111111111111,2021,BAL
Devin McCourty,https://a.espncdn.com/i/teamlogos/nfl/500/ne.png,1,0,0,0.125,2020,NE
Devin Singletary,https://a.espncdn.com/i/teamlogos/nfl/500/buf.png,1,0,1,0.1,2022,BUF
Devon Kennard,https://a.espncdn.com/i/teamlogos/nfl/500/det.png,1,0,0,0.1111111111111111,2019,DET
Devonta Freeman,https://a.espncdn.com/i/teamlogos/nfl/500/atl.png,1,1,0,0.125,2019,ATL
Devonta Freeman,https://a.espncdn.com/i/teamlogos/nfl/500/bal.png,1,1,0,0.1111111111111111,2021,BAL
Devontae Booker,https://a.espncdn.com/i/teamlogos/nfl/500/lv.png,1,1,0,0.14285714285714285,2020,LV
Dion Lewis,https://a.espncdn.com/i/teamlogos/nfl/500/nyg.png,1,0,1,0.1111111111111111,2020,NYG
Diontae Johnson,https://a.espncdn.com/i/teamlogos/nfl/500/pit.png,1,0,0,0.2,2019,PIT
Diontae Spencer,https://a.espncdn.com/i/teamlogos/nfl/500/den.png,1,0,0,0.25,2020,DEN
Donald Parham,https://a.espncdn.com/i/teamlogos/nfl/500/lac.png,1,0,1,0.14285714285714285,2023,LAC
Dont'a Hightower,https://a.espncdn.com/i/teamlogos/nfl/500/ne.png,1,0,0,0.09090909090909091,2019,NE
Dontrell Hilliard,https://a.espncdn.com/i/teamlogos/nfl/500/cle.png,1,1,0,0.09090909090909091,2019,CLE
Dontrelle Inman,https://a.espncdn.com/i/teamlogos/nfl/500/wsh.png,1,0,1,0.2,2020,WAS
Drake London,https://a.espncdn.com/i/teamlogos/nfl/500/atl.png,1,0,1,0.14285714285714285,2022,ATL
Drew Sample,https://a.espncdn.com/i/teamlogos/nfl/500/cin.png,1,0,1,0.125,2020,CIN
Drew Sample,https://a.espncdn.com/i/teamlogos/nfl/500/cin.png,1,0,1,0.14285714285714285,2023,CIN
Durham Smythe,https://a.espncdn.com/i/teamlogos/nfl/500/mia.png,1,0,1,0.16666666666666666,2022,MIA
E.J. Speed,https://a.espncdn.com/i/teamlogos/nfl/500/ind.png,1,0,0,0.1,2021,IND
Elandon Roberts,https://a.espncdn.com/i/teamlogos/nfl/500/mia.png,1,0,0,0.09090909090909091,2021,MIA
Elijah Moore,https://a.espncdn.com/i/teamlogos/nfl/500/nyj.png,1,0,1,0.16666666666666666,2021,NYJ
Emmanuel Sanders,https://a.espncdn.com/i/teamlogos/nfl/500/buf.png,1,0,1,0.07142857142857142,2021,BUF
Emmanuel Sanders,https://a.espncdn.com/i/teamlogos/nfl/500/sf.png,1,0,1,0.09090909090909091,2019,SF
Eric Ebron,https://a.espncdn.com/i/teamlogos/nfl/500/ind.png,1,0,1,0.1,2019,IND
Eric Rowe,https://a.espncdn.com/i/teamlogos/nfl/500/mia.png,1,0,0,0.14285714285714285,2019,MIA
Eric Saubert,https://a.espncdn.com/i/teamlogos/nfl/500/den.png,1,0,1,0.16666666666666666,2022,DEN
Erik Harris,https://a.espncdn.com/i/teamlogos/nfl/500/lv.png,1,0,0,0.1,2019,LV
Evan Engram,https://a.espncdn.com/i/teamlogos/nfl/500/jax.png,1,0,1,0.125,2022,JAX
Evan Engram,https://a.espncdn.com/i/teamlogos/nfl/500/nyg.png,1,0,1,0.14285714285714285,2019,NYG
Evan Engram,https://a.espncdn.com/i/teamlogos/nfl/500/nyg.png,1,1,0,0.1111111111111111,2020,NYG
Evan Engram,https://a.espncdn.com/i/teamlogos/nfl/500/nyg.png,1,0,1,0.16666666666666666,2021,NYG
Ezekiel Elliott,https://a.espncdn.com/i/teamlogos/nfl/500/dal.png,1,0,1,0.25,2020,DAL
Foster Moreau,https://a.espncdn.com/i/teamlogos/nfl/500/lv.png,1,0,1,0.1,2019,LV
Frankie Luvu,https://a.espncdn.com/i/teamlogos/nfl/500-dark/car.png,1,0,0,0.1111111111111111,2022,CAR
Freddie Swain,https://a.espncdn.com/i/teamlogos/nfl/500/sea.png,1,0,1,0.09090909090909091,2020,SEA
Gabriel Davis,https://a.espncdn.com/i/teamlogos/nfl/500/buf.png,1,0,1,0.07142857142857142,2020,BUF
Garrett Wilson,https://a.espncdn.com/i/teamlogos/nfl/500/nyj.png,1,0,1,0.16666666666666666,2022,NYJ
Geno Smith,https://a.espncdn.com/i/teamlogos/nfl/500/sea.png,1,1,0,0.09090909090909091,2021,SEA
Geoff Swaim,https://a.espncdn.com/i/teamlogos/nfl/500/ten.png,1,0,1,0.09090909090909091,2022,TEN
George Kittle,https://a.espncdn.com/i/teamlogos/nfl/500/sf.png,1,0,1,0.1,2021,SF
George Kittle,https://a.espncdn.com/i/teamlogos/nfl/500/sf.png,1,0,1,0.08333333333333333,2022,SF
George Kittle,https://a.espncdn.com/i/teamlogos/nfl/500/sf.png,1,0,1,0.09090909090909091,2023,SF
George Pickens,https://a.espncdn.com/i/teamlogos/nfl/500/pit.png,1,1,0,0.16666666666666666,2022,PIT
Gerald Everett,https://a.espncdn.com/i/teamlogos/nfl/500/lar.png,1,1,0,0.1111111111111111,2020,LA
Gerald Everett,https://a.espncdn.com/i/teamlogos/nfl/500/lac.png,1,0,1,0.08333333333333333,2022,LAC
Gerald Everett,https://a.espncdn.com/i/teamlogos/nfl/500/sea.png,1,0,1,0.09090909090909091,2021,SEA
Greg Dulcich,https://a.espncdn.com/i/teamlogos/nfl/500/den.png,1,0,1,0.16666666666666666,2022,DEN
Ha Ha Clinton-Dix,https://a.espncdn.com/i/teamlogos/nfl/500/chi.png,1,0,0,0.16666666666666666,2019,CHI
Harrison Bryant,https://a.espncdn.com/i/teamlogos/nfl/500/cle.png,1,0,1,0.07692307692307693,2022,CLE
Henry Ruggs,https://a.espncdn.com/i/teamlogos/nfl/500/lv.png,1,0,1,0.16666666666666666,2021,LV
Hunter Henry,https://a.espncdn.com/i/teamlogos/nfl/500/lac.png,1,0,1,0.125,2020,LAC
Hunter Henry,https://a.espncdn.com/i/teamlogos/nfl/500/ne.png,1,0,1,0.1111111111111111,2021,NE
Hunter Renfrow,https://a.espncdn.com/i/teamlogos/nfl/500/lv.png,1,0,1,0.14285714285714285,2020,LV
Hunter Renfrow,https://a.espncdn.com/i/teamlogos/nfl/500/lv.png,1,0,1,0.14285714285714285,2022,LV
Ihmir Smith-Marsette,https://a.espncdn.com/i/teamlogos/nfl/500-dark/car.png,1,0,0,0.25,2023,CAR
Irv Smith,https://a.espncdn.com/i/teamlogos/nfl/500/cin.png,1,0,1,0.14285714285714285,2023,CIN
Irv Smith,https://a.espncdn.com/i/teamlogos/nfl/500/min.png,1,0,1,0.1,2019,MIN
Irv Smith,https://a.espncdn.com/i/teamlogos/nfl/500/min.png,1,0,1,0.08333333333333333,2022,MIN
Isaiah Ford,https://a.espncdn.com/i/teamlogos/nfl/500/mia.png,1,0,1,0.09090909090909091,2021,MIA
Isaiah Hodgins,https://a.espncdn.com/i/teamlogos/nfl/500/nyg.png,1,0,1,0.3333333333333333,2023,NYG
Isaiah Likely,https://a.espncdn.com/i/teamlogos/nfl/500/bal.png,1,0,1,0.08333333333333333,2023,BAL
Isaiah McKenzie,https://a.espncdn.com/i/teamlogos/nfl/500/buf.png,1,0,1,0.07142857142857142,2021,BUF
Isiah Pacheco,https://a.espncdn.com/i/teamlogos/nfl/500/kc.png,1,1,0,0.08333333333333333,2022,KC
J.K. Dobbins,https://a.espncdn.com/i/teamlogos/nfl/500/bal.png,1,1,0,0.08333333333333333,2023,BAL
Ja'Marr Chase,https://a.espncdn.com/i/teamlogos/nfl/500/cin.png,1,0,1,0.14285714285714285,2023,CIN
Jacob Hollister,https://a.espncdn.com/i/teamlogos/nfl/500/sea.png,1,0,1,0.09090909090909091,2020,SEA
Jadeveon Clowney,https://a.espncdn.com/i/teamlogos/nfl/500/sea.png,1,0,0,0.1111111111111111,2019,SEA
Jahan Dotson,https://a.espncdn.com/i/teamlogos/nfl/500/wsh.png,1,0,1,0.125,2022,WAS
Jahmyr Gibbs,https://a.espncdn.com/i/teamlogos/nfl/500/det.png,1,1,0,0.14285714285714285,2023,DET
Jake Bobo,https://a.espncdn.com/i/teamlogos/nfl/500/sea.png,1,1,0,0.14285714285714285,2023,SEA
Jakeem Grant,https://a.espncdn.com/i/teamlogos/nfl/500/chi.png,1,0,1,0.1111111111111111,2021,CHI
Jalen Hurts,https://a.espncdn.com/i/teamlogos/nfl/500/phi.png,1,1,0,0.14285714285714285,2021,PHI
Jalen Reagor,https://a.espncdn.com/i/teamlogos/nfl/500/phi.png,1,0,1,0.16666666666666666,2020,PHI
Jalen Virgil,https://a.espncdn.com/i/teamlogos/nfl/500/den.png,1,0,1,0.16666666666666666,2022,DEN
Jamaal Williams,https://a.espncdn.com/i/teamlogos/nfl/500/gb.png,1,0,1,0.09090909090909091,2019,GB
James Conner,https://a.espncdn.com/i/teamlogos/nfl/500/pit.png,1,1,0,0.1,2020,PIT
James O'Shaughnessy,https://a.espncdn.com/i/teamlogos/nfl/500/jax.png,1,0,1,0.3333333333333333,2019,JAX
James Robinson,https://a.espncdn.com/i/teamlogos/nfl/500/jax.png,1,1,0,0.3333333333333333,2021,JAX
James Washington,https://a.espncdn.com/i/teamlogos/nfl/500/pit.png,1,0,1,0.1,2020,PIT
James Washington,https://a.espncdn.com/i/teamlogos/nfl/500/pit.png,1,0,1,0.125,2021,PIT
James White,https://a.espncdn.com/i/teamlogos/nfl/500/ne.png,1,0,1,0.09090909090909091,2019,NE
James White,https://a.espncdn.com/i/teamlogos/nfl/500/ne.png,1,0,1,0.125,2020,NE
James White,https://a.espncdn.com/i/teamlogos/nfl/500/ne.png,1,1,0,0.1111111111111111,2021,NE
Jameson Williams,https://a.espncdn.com/i/teamlogos/nfl/500/det.png,1,0,1,0.09090909090909091,2022,DET
Jamison Crowder,https://a.espncdn.com/i/teamlogos/nfl/500/nyj.png,1,0,1,0.16666666666666666,2020,NYJ
Jared Goff,https://a.espncdn.com/i/teamlogos/nfl/500/lar.png,1,1,0,0.1111111111111111,2020,LA
Jaret Patterson,https://a.espncdn.com/i/teamlogos/nfl/500/wsh.png,1,1,0,0.2,2021,WAS
Jauan Jennings,https://a.espncdn.com/i/teamlogos/nfl/500/sf.png,1,0,1,0.1,2021,SF
Jauan Jennings,https://a.espncdn.com/i/teamlogos/nfl/500/sf.png,1,0,1,0.08333333333333333,2022,SF
Jaxon Smith-Njigba,https://a.espncdn.com/i/teamlogos/nfl/500/sea.png,1,0,1,0.14285714285714285,2023,SEA
Jaylen Waddle,https://a.espncdn.com/i/teamlogos/nfl/500/mia.png,1,0,1,0.16666666666666666,2022,MIA
Jaylen Waddle,https://a.espncdn.com/i/teamlogos/nfl/500/mia.png,1,0,1,0.14285714285714285,2023,MIA
Jeff Wilson,https://a.espncdn.com/i/teamlogos/nfl/500/sf.png,1,1,0,0.09090909090909091,2019,SF
Jeffery Wilson,https://a.espncdn.com/i/teamlogos/nfl/500/sf.png,1,1,0,0.1,2021,SF
Jeffery Wilson,https://a.espncdn.com/i/teamlogos/nfl/500/sf.png,1,1,0,0.08333333333333333,2022,SF
Jelani Woods,https://a.espncdn.com/i/teamlogos/nfl/500/ind.png,1,0,1,0.25,2022,IND
Jerick McKinnon,https://a.espncdn.com/i/teamlogos/nfl/500/kc.png,1,0,1,0.125,2023,KC
Jerick McKinnon,https://a.espncdn.com/i/teamlogos/nfl/500/sf.png,1,1,0,0.09090909090909091,2020,SF
Jesper Horsted,https://a.espncdn.com/i/teamlogos/nfl/500/chi.png,1,0,1,0.1111111111111111,2021,CHI
Jesse James,https://a.espncdn.com/i/teamlogos/nfl/500/chi.png,1,0,1,0.1111111111111111,2021,CHI
Jessie Bates,https://a.espncdn.com/i/teamlogos/nfl/500/atl.png,1,0,0,0.14285714285714285,2023,ATL
Jimmy Graham,https://a.espncdn.com/i/teamlogos/nfl/500/chi.png,1,0,1,0.125,2020,CHI
Jimmy Graham,https://a.espncdn.com/i/teamlogos/nfl/500/gb.png,1,0,1,0.09090909090909091,2019,GB
Jimmy Graham,https://a.espncdn.com/i/teamlogos/nfl/500/no.png,1,0,1,0.2,2023,NO
JoJo Domann,https://a.espncdn.com/i/teamlogos/nfl/500/ind.png,1,0,0,0.25,2022,IND
Joe Burrow,https://a.espncdn.com/i/teamlogos/nfl/500/cin.png,1,1,0,0.14285714285714285,2021,CIN
Joe Burrow,https://a.espncdn.com/i/teamlogos/nfl/500/cin.png,1,1,0,0.09090909090909091,2022,CIN
Joe Haden,https://a.espncdn.com/i/teamlogos/nfl/500/pit.png,1,0,0,0.1,2020,PIT
Joe Mixon,https://a.espncdn.com/i/teamlogos/nfl/500/cin.png,1,1,0,0.14285714285714285,2021,CIN
Joe Mixon,https://a.espncdn.com/i/teamlogos/nfl/500/cin.png,1,1,0,0.14285714285714285,2023,CIN
Joe Reed,https://a.espncdn.com/i/teamlogos/nfl/500/lac.png,1,1,0,0.125,2020,LAC
John Brown,https://a.espncdn.com/i/teamlogos/nfl/500/buf.png,1,0,1,0.125,2019,BUF
John Ross,https://a.espncdn.com/i/teamlogos/nfl/500/nyg.png,1,0,1,0.16666666666666666,2021,NYG
Jonathan Taylor,https://a.espncdn.com/i/teamlogos/nfl/500/ind.png,1,1,0,0.25,2022,IND
Jonathan Ward,https://a.espncdn.com/i/teamlogos/nfl/500/ari.png,1,0,1,0.1111111111111111,2020,ARI
Jordan Howard,https://a.espncdn.com/i/teamlogos/nfl/500/phi.png,1,1,0,0.16666666666666666,2019,PHI
Jordan Mason,https://a.espncdn.com/i/teamlogos/nfl/500/sf.png,1,1,0,0.09090909090909091,2023,SF
Josh Allen,https://a.espncdn.com/i/teamlogos/nfl/500/buf.png,1,1,0,0.1,2022,BUF
Josh Allen,https://a.espncdn.com/i/teamlogos/nfl/500/buf.png,1,1,0,0.14285714285714285,2023,BUF
Josh Gordon,https://a.espncdn.com/i/teamlogos/nfl/500/ne.png,1,0,1,0.09090909090909091,2019,NE
Josh Hill,https://a.espncdn.com/i/teamlogos/nfl/500/no.png,1,0,1,0.09090909090909091,2019,NO
Josh Jacobs,https://a.espncdn.com/i/teamlogos/nfl/500/lv.png,1,1,0,0.16666666666666666,2021,LV
Josh Jacobs,https://a.espncdn.com/i/teamlogos/nfl/500/lv.png,1,1,0,0.14285714285714285,2022,LV
Josh Jacobs,https://a.espncdn.com/i/teamlogos/nfl/500/lv.png,1,1,0,0.1111111111111111,2023,LV
Josh Oliver,https://a.espncdn.com/i/teamlogos/nfl/500/min.png,1,0,1,0.1111111111111111,2023,MIN
Josh Palmer,https://a.espncdn.com/i/teamlogos/nfl/500/lac.png,1,0,1,0.08333333333333333,2022,LAC
Josh Perkins,https://a.espncdn.com/i/teamlogos/nfl/500/phi.png,1,0,1,0.16666666666666666,2019,PHI
Josh Reynolds,https://a.espncdn.com/i/teamlogos/nfl/500/det.png,1,0,1,0.2,2021,DET
Josh Reynolds,https://a.espncdn.com/i/teamlogos/nfl/500/lar.png,1,0,1,0.09090909090909091,2019,LA
Josh Reynolds,https://a.espncdn.com/i/teamlogos/nfl/500/lar.png,1,0,1,0.1111111111111111,2020,LA
Josh Sweat,https://a.espncdn.com/i/teamlogos/nfl/500/phi.png,1,0,0,0.07142857142857142,2022,PHI
Joshua Dobbs,https://a.espncdn.com/i/teamlogos/nfl/500/ari.png,1,1,0,0.2,2023,ARI
Joshua Kelley,https://a.espncdn.com/i/teamlogos/nfl/500/lac.png,1,1,0,0.08333333333333333,2022,LAC
JuJu Smith-Schuster,https://a.espncdn.com/i/teamlogos/nfl/500/kc.png,1,0,1,0.08333333333333333,2022,KC
JuJu Smith-Schuster,https://a.espncdn.com/i/teamlogos/nfl/500/pit.png,1,1,0,0.125,2021,PIT
Julian Edelman,https://a.espncdn.com/i/teamlogos/nfl/500/ne.png,1,0,1,0.09090909090909091,2019,NE
Julio Jones,https://a.espncdn.com/i/teamlogos/nfl/500/atl.png,1,0,1,0.125,2020,ATL
Julio Jones,https://a.espncdn.com/i/teamlogos/nfl/500/tb.png,1,0,1,0.14285714285714285,2022,TB
Justice Hill,https://a.espncdn.com/i/teamlogos/nfl/500/bal.png,1,1,0,0.08333333333333333,2023,BAL
Justin Coleman,https://a.espncdn.com/i/teamlogos/nfl/500/mia.png,1,0,0,0.09090909090909091,2021,MIA
Justin Fields,https://a.espncdn.com/i/teamlogos/nfl/500/chi.png,1,1,0,0.16666666666666666,2023,CHI
Justin Herbert,https://a.espncdn.com/i/teamlogos/nfl/500/lac.png,1,1,0,0.125,2020,LAC
Justin Herbert,https://a.espncdn.com/i/teamlogos/nfl/500/lac.png,1,1,0,0.14285714285714285,2023,LAC
Justin Jefferson,https://a.espncdn.com/i/teamlogos/nfl/500/min.png,1,0,1,0.125,2020,MIN
Justin Watson,https://a.espncdn.com/i/teamlogos/nfl/500/kc.png,1,0,1,0.125,2023,KC
Juwan Johnson,https://a.espncdn.com/i/teamlogos/nfl/500/no.png,1,0,1,0.125,2022,NO
K.J. Osborn,https://a.espncdn.com/i/teamlogos/nfl/500/min.png,1,0,1,0.09090909090909091,2021,MIN
Kadarius Toney,https://a.espncdn.com/i/teamlogos/nfl/500/kc.png,1,0,1,0.125,2023,KC
Kaden Smith,https://a.espncdn.com/i/teamlogos/nfl/500/nyg.png,1,0,1,0.14285714285714285,2019,NYG
Kalen Ballage,https://a.espncdn.com/i/teamlogos/nfl/500/mia.png,1,1,0,0.14285714285714285,2019,MIA
Kalif Raymond,https://a.espncdn.com/i/teamlogos/nfl/500/det.png,1,0,0,0.09090909090909091,2022,DET
Kareem Hunt,https://a.espncdn.com/i/teamlogos/nfl/500/cle.png,1,0,1,0.09090909090909091,2019,CLE
Kareem Hunt,https://a.espncdn.com/i/teamlogos/nfl/500/cle.png,1,0,1,0.07692307692307693,2022,CLE
Karl Joseph,https://a.espncdn.com/i/teamlogos/nfl/500/cle.png,1,0,0,0.1,2020,CLE
Kayvon Thibodeaux,https://a.espncdn.com/i/teamlogos/nfl/500/nyg.png,1,0,0,0.14285714285714285,2022,NYG
Ke'Shawn Vaughn,https://a.espncdn.com/i/teamlogos/nfl/500/tb.png,1,1,0,0.08333333333333333,2021,TB
Keelan Cole,https://a.espncdn.com/i/teamlogos/nfl/500/jax.png,1,0,1,0.3333333333333333,2019,JAX
Keelan Cole,https://a.espncdn.com/i/teamlogos/nfl/500/jax.png,1,0,1,0.25,2020,JAX
Keenan Allen,https://a.espncdn.com/i/teamlogos/nfl/500/lac.png,1,0,1,0.08333333333333333,2022,LAC
Keisean Nixon,https://a.espncdn.com/i/teamlogos/nfl/500/gb.png,1,0,0,0.16666666666666666,2022,GB
Kendall Blanton,https://a.espncdn.com/i/teamlogos/nfl/500/lar.png,1,0,1,0.07692307692307693,2021,LA
Kendall Fuller,https://a.espncdn.com/i/teamlogos/nfl/500/wsh.png,1,0,0,0.125,2022,WAS
Kendrick Bourne,https://a.espncdn.com/i/teamlogos/nfl/500/ne.png,1,0,1,0.1111111111111111,2021,NE
Kendrick Bourne,https://a.espncdn.com/i/teamlogos/nfl/500/ne.png,1,0,1,0.25,2023,NE
Kenjon Barner,https://a.espncdn.com/i/teamlogos/nfl/500/atl.png,1,0,0,0.125,2019,ATL
Kenneth Gainwell,https://a.espncdn.com/i/teamlogos/nfl/500/phi.png,1,0,1,0.14285714285714285,2021,PHI
Kenneth Gainwell,https://a.espncdn.com/i/teamlogos/nfl/500/phi.png,1,1,0,0.07142857142857142,2022,PHI
Kenneth Gainwell,https://a.espncdn.com/i/teamlogos/nfl/500/phi.png,1,1,0,0.14285714285714285,2023,PHI
Kenneth Walker,https://a.espncdn.com/i/teamlogos/nfl/500/sea.png,1,1,0,0.14285714285714285,2022,SEA
Kenyan Drake,https://a.espncdn.com/i/teamlogos/nfl/500/ari.png,1,1,0,0.1111111111111111,2020,ARI
Kenyan Drake,https://a.espncdn.com/i/teamlogos/nfl/500/bal.png,1,1,0,0.08333333333333333,2022,BAL
Kerryon Johnson,https://a.espncdn.com/i/teamlogos/nfl/500/det.png,1,1,0,0.1111111111111111,2019,DET
Kerryon Johnson,https://a.espncdn.com/i/teamlogos/nfl/500/det.png,1,1,0,0.1,2020,DET
Kevin Byard,https://a.espncdn.com/i/teamlogos/nfl/500/ten.png,1,0,0,0.1,2021,TEN
Kevin Harris,https://a.espncdn.com/i/teamlogos/nfl/500/ne.png,1,1,0,0.125,2022,NE
Khalil Herbert,https://a.espncdn.com/i/teamlogos/nfl/500/chi.png,1,1,0,0.1111111111111111,2021,CHI
Khalil Herbert,https://a.espncdn.com/i/teamlogos/nfl/500/chi.png,1,1,0,0.125,2022,CHI
Kyle Dugger,https://a.espncdn.com/i/teamlogos/nfl/500/ne.png,1,0,0,0.125,2022,NE
Kyle Hamilton,https://a.espncdn.com/i/teamlogos/nfl/500/bal.png,1,0,0,0.08333333333333333,2023,BAL
Kyle Juszczyk,https://a.espncdn.com/i/teamlogos/nfl/500/sf.png,1,1,0,0.1,2021,SF
Kyle Pitts,https://a.espncdn.com/i/teamlogos/nfl/500/atl.png,1,0,1,0.14285714285714285,2021,ATL
Kyle Pitts,https://a.espncdn.com/i/teamlogos/nfl/500/atl.png,1,0,1,0.14285714285714285,2022,ATL
Kyle Pitts,https://a.espncdn.com/i/teamlogos/nfl/500/atl.png,1,0,1,0.14285714285714285,2023,ATL
Kyle Rudolph,https://a.espncdn.com/i/teamlogos/nfl/500/min.png,1,0,1,0.1,2019,MIN
Kyle Rudolph,https://a.espncdn.com/i/teamlogos/nfl/500/tb.png,1,0,1,0.14285714285714285,2022,TB
Kyler Murray,https://a.espncdn.com/i/teamlogos/nfl/500/ari.png,1,1,0,0.14285714285714285,2019,ARI
Kyler Murray,https://a.espncdn.com/i/teamlogos/nfl/500/ari.png,1,1,0,0.1111111111111111,2020,ARI
Kyler Murray,https://a.espncdn.com/i/teamlogos/nfl/500/ari.png,1,1,0,0.08333333333333333,2021,ARI
Lamar Jackson,https://a.espncdn.com/i/teamlogos/nfl/500/bal.png,1,1,0,0.1,2019,BAL
Lamar Jackson,https://a.espncdn.com/i/teamlogos/nfl/500/bal.png,1,1,0,0.1,2020,BAL
Lamar Jackson,https://a.espncdn.com/i/teamlogos/nfl/500/bal.png,1,1,0,0.08333333333333333,2022,BAL
Laquon Treadwell,https://a.espncdn.com/i/teamlogos/nfl/500/jax.png,1,0,1,0.3333333333333333,2021,JAX
Latavius Murray,https://a.espncdn.com/i/teamlogos/nfl/500/den.png,1,1,0,0.16666666666666666,2022,DEN
Laviska Shenault,https://a.espncdn.com/i/teamlogos/nfl/500-dark/car.png,1,1,0,0.1111111111111111,2022,CAR
Laviska Shenault,https://a.espncdn.com/i/teamlogos/nfl/500/jax.png,1,0,1,0.25,2020,JAX
Lawrence Cager,https://a.espncdn.com/i/teamlogos/nfl/500/nyg.png,1,0,1,0.14285714285714285,2022,NYG
Le'Veon Bell,https://a.espncdn.com/i/teamlogos/nfl/500/nyj.png,1,1,0,0.1111111111111111,2019,NYJ
LeSean McCoy,https://a.espncdn.com/i/teamlogos/nfl/500/kc.png,1,1,0,0.1111111111111111,2019,KC
Lee Smith,https://a.espncdn.com/i/teamlogos/nfl/500/buf.png,1,0,1,0.125,2019,BUF
Lee Smith,https://a.espncdn.com/i/teamlogos/nfl/500/buf.png,1,0,1,0.07142857142857142,2020,BUF
Logan Thomas,https://a.espncdn.com/i/teamlogos/nfl/500/wsh.png,1,0,1,0.2,2021,WAS
Luke Schoonmaker,https://a.espncdn.com/i/teamlogos/nfl/500/dal.png,1,0,1,0.125,2023,DAL
Mack Hollins,https://a.espncdn.com/i/teamlogos/nfl/500/mia.png,1,0,1,0.09090909090909091,2021,MIA
Malcolm Brown,https://a.espncdn.com/i/teamlogos/nfl/500/lar.png,1,1,0,0.1111111111111111,2020,LA
Malik Turner,https://a.espncdn.com/i/teamlogos/nfl/500/sea.png,1,0,1,0.1111111111111111,2019,SEA
Marcus Johnson,https://a.espncdn.com/i/teamlogos/nfl/500/ind.png,1,0,1,0.1,2019,IND
Marcus Mariota,https://a.espncdn.com/i/teamlogos/nfl/500/atl.png,1,1,0,0.14285714285714285,2022,ATL
Mark Ingram,https://a.espncdn.com/i/teamlogos/nfl/500/bal.png,1,1,0,0.1,2020,BAL
Mark Ingram,https://a.espncdn.com/i/teamlogos/nfl/500/hou.png,1,1,0,0.125,2021,HOU
Marlon Mack,https://a.espncdn.com/i/teamlogos/nfl/500/den.png,1,1,0,0.16666666666666666,2022,DEN
Marlon Mack,https://a.espncdn.com/i/teamlogos/nfl/500/ind.png,1,1,0,0.1,2019,IND
Marquez Valdes-Scantling,https://a.espncdn.com/i/teamlogos/nfl/500/gb.png,1,0,1,0.09090909090909091,2019,GB
Marquez Valdes-Scantling,https://a.espncdn.com/i/teamlogos/nfl/500/gb.png,1,0,1,0.08333333333333333,2020,GB
Marquez Valdes-Scantling,https://a.espncdn.com/i/teamlogos/nfl/500/kc.png,1,0,1,0.125,2023,KC
Marquis Haynes,https://a.espncdn.com/i/teamlogos/nfl/500-dark/car.png,1,0,0,0.1111111111111111,2022,CAR
Marquise Brown,https://a.espncdn.com/i/teamlogos/nfl/500/bal.png,1,0,1,0.1,2019,BAL
Marquise Brown,https://a.espncdn.com/i/teamlogos/nfl/500/bal.png,1,0,1,0.1,2020,BAL
Marquise Goodwin,https://a.espncdn.com/i/teamlogos/nfl/500/sea.png,1,0,1,0.14285714285714285,2022,SEA
Marquise Goodwin,https://a.espncdn.com/i/teamlogos/nfl/500/sf.png,1,0,1,0.09090909090909091,2019,SF
Marshawn Lynch,https://a.espncdn.com/i/teamlogos/nfl/500/sea.png,1,1,0,0.1111111111111111,2019,SEA
Marvin Hall,https://a.espncdn.com/i/teamlogos/nfl/500/det.png,1,0,1,0.1,2020,DET
Marvin Jones,https://a.espncdn.com/i/teamlogos/nfl/500/det.png,1,0,1,0.1111111111111111,2019,DET
Marvin Jones,https://a.espncdn.com/i/teamlogos/nfl/500/jax.png,1,0,1,0.3333333333333333,2021,JAX
Matt Breida,https://a.espncdn.com/i/teamlogos/nfl/500/buf.png,1,0,1,0.07142857142857142,2021,BUF
Matt Breida,https://a.espncdn.com/i/teamlogos/nfl/500/sf.png,1,1,0,0.09090909090909091,2019,SF
Matt LaCosse,https://a.espncdn.com/i/teamlogos/nfl/500/ne.png,1,0,1,0.09090909090909091,2019,NE
Matt Ryan,https://a.espncdn.com/i/teamlogos/nfl/500/ind.png,1,1,0,0.25,2022,IND
Matthew Stafford,https://a.espncdn.com/i/teamlogos/nfl/500/lar.png,1,1,0,0.1111111111111111,2022,LA
Mecole Hardman,https://a.espncdn.com/i/teamlogos/nfl/500/kc.png,1,0,1,0.1,2020,KC
Mecole Hardman,https://a.espncdn.com/i/teamlogos/nfl/500/kc.png,1,0,1,0.08333333333333333,2022,KC
Melvin Ingram,https://a.espncdn.com/i/teamlogos/nfl/500/mia.png,1,0,0,0.16666666666666666,2022,MIA
Michael Burton,https://a.espncdn.com/i/teamlogos/nfl/500/kc.png,1,1,0,0.07142857142857142,2021,KC
Michael Carter,https://a.espncdn.com/i/teamlogos/nfl/500/nyj.png,1,1,0,0.16666666666666666,2022,NYJ
Michael Gallup,https://a.espncdn.com/i/teamlogos/nfl/500/dal.png,1,0,1,0.1111111111111111,2021,DAL
Michael Mayer,https://a.espncdn.com/i/teamlogos/nfl/500/lv.png,1,0,1,0.1111111111111111,2023,LV
Michael Pittman,https://a.espncdn.com/i/teamlogos/nfl/500/ind.png,1,0,1,0.1,2021,IND
Michael Pittman,https://a.espncdn.com/i/teamlogos/nfl/500/ind.png,1,0,1,0.16666666666666666,2023,IND
Michael Thomas,https://a.espncdn.com/i/teamlogos/nfl/500/no.png,1,0,1,0.1,2020,NO
Mike Evans,https://a.espncdn.com/i/teamlogos/nfl/500/tb.png,1,0,1,0.1,2019,TB
Mike Evans,https://a.espncdn.com/i/teamlogos/nfl/500/tb.png,1,0,1,0.14285714285714285,2022,TB
Mike Hughes,https://a.espncdn.com/i/teamlogos/nfl/500/kc.png,1,0,0,0.07142857142857142,2021,KC
Mike Williams,https://a.espncdn.com/i/teamlogos/nfl/500/lac.png,1,0,1,0.08333333333333333,2022,LAC
Miles Sanders,https://a.espncdn.com/i/teamlogos/nfl/500/phi.png,1,0,1,0.16666666666666666,2019,PHI
Miles Sanders,https://a.espncdn.com/i/teamlogos/nfl/500/phi.png,1,1,0,0.16666666666666666,2020,PHI
Minkah Fitzpatrick,https://a.espncdn.com/i/teamlogos/nfl/500/pit.png,1,0,0,0.1,2020,PIT
Minkah Fitzpatrick,https://a.espncdn.com/i/teamlogos/nfl/500/pit.png,1,0,0,0.16666666666666666,2022,PIT
Mo Alie-Cox,https://a.espncdn.com/i/teamlogos/nfl/500/ind.png,1,0,1,0.09090909090909091,2020,IND
Mohamed Sanu,https://a.espncdn.com/i/teamlogos/nfl/500/atl.png,1,0,1,0.125,2019,ATL
MyCole Pruitt,https://a.espncdn.com/i/teamlogos/nfl/500/atl.png,1,0,1,0.14285714285714285,2022,ATL
MyCole Pruitt,https://a.espncdn.com/i/teamlogos/nfl/500/atl.png,1,0,1,0.14285714285714285,2023,ATL
MyCole Pruitt,https://a.espncdn.com/i/teamlogos/nfl/500/ten.png,1,0,1,0.1,2021,TEN
Myles Gaskin,https://a.espncdn.com/i/teamlogos/nfl/500/mia.png,1,1,0,0.09090909090909091,2021,MIA
N'Keal Harry,https://a.espncdn.com/i/teamlogos/nfl/500/ne.png,1,0,1,0.09090909090909091,2019,NE
Nelson Agholor,https://a.espncdn.com/i/teamlogos/nfl/500/lv.png,1,0,1,0.14285714285714285,2020,LV
Nelson Agholor,https://a.espncdn.com/i/teamlogos/nfl/500/ne.png,1,0,1,0.125,2022,NE
Nick Bellore,https://a.espncdn.com/i/teamlogos/nfl/500/sea.png,1,0,1,0.1111111111111111,2019,SEA
Nick Boyle,https://a.espncdn.com/i/teamlogos/nfl/500/bal.png,1,0,1,0.1,2019,BAL
Nick Boyle,https://a.espncdn.com/i/teamlogos/nfl/500/bal.png,1,0,1,0.1,2020,BAL
Nick Westbrook-Ikhine,https://a.espncdn.com/i/teamlogos/nfl/500/ten.png,1,0,1,0.25,2023,TEN
Nik Needham,https://a.espncdn.com/i/teamlogos/nfl/500/mia.png,1,0,0,0.09090909090909091,2021,MIA
Noah Brown,https://a.espncdn.com/i/teamlogos/nfl/500/dal.png,1,0,1,0.07692307692307693,2022,DAL
Noah Fant,https://a.espncdn.com/i/teamlogos/nfl/500/den.png,1,0,1,0.25,2020,DEN
Noah Fant,https://a.espncdn.com/i/teamlogos/nfl/500/den.png,1,0,1,0.14285714285714285,2021,DEN
Noah Igbinoghene,https://a.espncdn.com/i/teamlogos/nfl/500/dal.png,1,0,0,0.125,2023,DAL
Nyheim Hines,https://a.espncdn.com/i/teamlogos/nfl/500/buf.png,1,0,0,0.1,2022,BUF
Nyheim Hines,https://a.espncdn.com/i/teamlogos/nfl/500/ind.png,1,1,0,0.09090909090909091,2020,IND
O.J. Howard,https://a.espncdn.com/i/teamlogos/nfl/500/hou.png,1,0,1,0.16666666666666666,2022,HOU
O.J. Howard,https://a.espncdn.com/i/teamlogos/nfl/500/tb.png,1,0,1,0.08333333333333333,2021,TB
Odell Beckham,https://a.espncdn.com/i/teamlogos/nfl/500/cle.png,1,0,1,0.1,2020,CLE
Olamide Zaccheaus,https://a.espncdn.com/i/teamlogos/nfl/500/atl.png,1,0,1,0.125,2020,ATL
Olamide Zaccheaus,https://a.espncdn.com/i/teamlogos/nfl/500/phi.png,1,0,1,0.14285714285714285,2023,PHI
Parris Campbell,https://a.espncdn.com/i/teamlogos/nfl/500/ind.png,1,0,1,0.1,2021,IND
Patrick Mahomes,https://a.espncdn.com/i/teamlogos/nfl/500/kc.png,1,1,0,0.07142857142857142,2021,KC
Patrick Ricard,https://a.espncdn.com/i/teamlogos/nfl/500/bal.png,1,0,1,0.1,2020,BAL
Pharaoh Brown,https://a.espncdn.com/i/teamlogos/nfl/500/ne.png,1,0,1,0.25,2023,NE
Preston Williams,https://a.espncdn.com/i/teamlogos/nfl/500/mia.png,1,0,1,0.1111111111111111,2020,MIA
Quintez Cephus,https://a.espncdn.com/i/teamlogos/nfl/500/det.png,1,0,1,0.2,2021,DET
Quintin Morris,https://a.espncdn.com/i/teamlogos/nfl/500/buf.png,1,0,1,0.1,2022,BUF
Raheem Blackshear,https://a.espncdn.com/i/teamlogos/nfl/500-dark/car.png,1,1,0,0.1111111111111111,2022,CAR
Raheem Mostert,https://a.espncdn.com/i/teamlogos/nfl/500/mia.png,1,1,0,0.14285714285714285,2023,MIA
Randall Cobb,https://a.espncdn.com/i/teamlogos/nfl/500/hou.png,1,0,1,0.5,2020,HOU
Randall Cobb,https://a.espncdn.com/i/teamlogos/nfl/500/nyj.png,1,0,1,0.5,2023,NYJ
Rashaad Penny,https://a.espncdn.com/i/teamlogos/nfl/500/sea.png,1,1,0,0.09090909090909091,2021,SEA
Rashee Rice,https://a.espncdn.com/i/teamlogos/nfl/500/kc.png,1,0,1,0.125,2023,KC
Rashid Shaheed,https://a.espncdn.com/i/teamlogos/nfl/500/no.png,1,0,1,0.125,2022,NO
Rashid Shaheed,https://a.espncdn.com/i/teamlogos/nfl/500/no.png,1,0,1,0.2,2023,NO
Rashod Bateman,https://a.espncdn.com/i/teamlogos/nfl/500/bal.png,1,0,1,0.1111111111111111,2021,BAL
Reggie Gilliam,https://a.espncdn.com/i/teamlogos/nfl/500/buf.png,1,0,1,0.07142857142857142,2020,BUF
Reggie Gilliam,https://a.espncdn.com/i/teamlogos/nfl/500/buf.png,1,0,1,0.1,2022,BUF
Rex Burkhead,https://a.espncdn.com/i/teamlogos/nfl/500/hou.png,1,1,0,0.125,2021,HOU
Rex Burkhead,https://a.espncdn.com/i/teamlogos/nfl/500/ne.png,1,0,1,0.125,2020,NE
Richie James,https://a.espncdn.com/i/teamlogos/nfl/500/nyg.png,1,0,1,0.14285714285714285,2022,NYG
Ricky Seals-Jones,https://a.espncdn.com/i/teamlogos/nfl/500/cle.png,1,0,1,0.09090909090909091,2019,CLE
Rico Dowdle,https://a.espncdn.com/i/teamlogos/nfl/500/dal.png,1,0,1,0.125,2023,DAL
Rob Gronkowski,https://a.espncdn.com/i/teamlogos/nfl/500/tb.png,1,0,1,0.08333333333333333,2021,TB
Robby Anderson,https://a.espncdn.com/i/teamlogos/nfl/500-dark/car.png,1,0,1,0.1,2021,CAR
Robert Spillane,https://a.espncdn.com/i/teamlogos/nfl/500/pit.png,1,0,0,0.1,2020,PIT
Robert Woods,https://a.espncdn.com/i/teamlogos/nfl/500/lar.png,1,1,0,0.09090909090909091,2019,LA
Robert Woods,https://a.espncdn.com/i/teamlogos/nfl/500/lar.png,1,0,1,0.07692307692307693,2021,LA
Robert Woods,https://a.espncdn.com/i/teamlogos/nfl/500/ten.png,1,0,1,0.09090909090909091,2022,TEN
Romeo Doubs,https://a.espncdn.com/i/teamlogos/nfl/500/gb.png,1,0,1,0.16666666666666666,2022,GB
Romeo Doubs,https://a.espncdn.com/i/teamlogos/nfl/500/gb.png,1,0,1,0.14285714285714285,2023,GB
Ronald Jones,https://a.espncdn.com/i/teamlogos/nfl/500/tb.png,1,1,0,0.09090909090909091,2020,TB
Rondale Moore,https://a.espncdn.com/i/teamlogos/nfl/500/ari.png,1,0,1,0.2,2023,ARI
Ronnie Bell,https://a.espncdn.com/i/teamlogos/nfl/500/sf.png,1,0,1,0.09090909090909091,2023,SF
Ross Dwelley,https://a.espncdn.com/i/teamlogos/nfl/500/sf.png,1,0,1,0.1,2021,SF
Ross Dwelley,https://a.espncdn.com/i/teamlogos/nfl/500/sf.png,1,0,1,0.08333333333333333,2022,SF
Russell Gage,https://a.espncdn.com/i/teamlogos/nfl/500/atl.png,1,0,1,0.125,2020,ATL
Russell Gage,https://a.espncdn.com/i/teamlogos/nfl/500/tb.png,1,0,1,0.14285714285714285,2022,TB
Russell Wilson,https://a.espncdn.com/i/teamlogos/nfl/500/sea.png,1,1,0,0.09090909090909091,2020,SEA
Ryan Fitzpatrick,https://a.espncdn.com/i/teamlogos/nfl/500/mia.png,1,1,0,0.14285714285714285,2019,MIA
Ryan Tannehill,https://a.espncdn.com/i/teamlogos/nfl/500/ten.png,1,1,0,0.14285714285714285,2019,TEN
Ryan Tannehill,https://a.espncdn.com/i/teamlogos/nfl/500/ten.png,1,1,0,0.1,2021,TEN
Sam Darnold,https://a.espncdn.com/i/teamlogos/nfl/500-dark/car.png,1,1,0,0.1,2021,CAR
Sam Darnold,https://a.espncdn.com/i/teamlogos/nfl/500/nyj.png,1,1,0,0.16666666666666666,2020,NYJ
Sam Franklin,https://a.espncdn.com/i/teamlogos/nfl/500-dark/car.png,1,0,0,0.25,2023,CAR
Sam LaPorta,https://a.espncdn.com/i/teamlogos/nfl/500/det.png,1,0,1,0.14285714285714285,2023,DET
Samaje Perine,https://a.espncdn.com/i/teamlogos/nfl/500/cin.png,1,1,0,0.125,2020,CIN
Samaje Perine,https://a.espncdn.com/i/teamlogos/nfl/500/cin.png,1,0,1,0.14285714285714285,2021,CIN
Samaje Perine,https://a.espncdn.com/i/teamlogos/nfl/500/den.png,1,1,0,0.125,2023,DEN
Sammy Watkins,https://a.espncdn.com/i/teamlogos/nfl/500/kc.png,1,0,1,0.1111111111111111,2019,KC
Saquon Barkley,https://a.espncdn.com/i/teamlogos/nfl/500/nyg.png,1,1,0,0.14285714285714285,2019,NYG
Saquon Barkley,https://a.espncdn.com/i/teamlogos/nfl/500/nyg.png,1,1,0,0.14285714285714285,2022,NYG
Saquon Barkley,https://a.espncdn.com/i/teamlogos/nfl/500/nyg.png,1,0,1,0.3333333333333333,2023,NYG
Scott Miller,https://a.espncdn.com/i/teamlogos/nfl/500/atl.png,1,0,1,0.14285714285714285,2023,ATL
Seth Roberts,https://a.espncdn.com/i/teamlogos/nfl/500/bal.png,1,0,1,0.1,2019,BAL
Shane Zylstra,https://a.espncdn.com/i/teamlogos/nfl/500/det.png,1,0,1,0.09090909090909091,2022,DET
Shaq Lawson,https://a.espncdn.com/i/teamlogos/nfl/500/mia.png,1,0,0,0.1111111111111111,2020,MIA
Shi Smith,https://a.espncdn.com/i/teamlogos/nfl/500-dark/car.png,1,0,1,0.1111111111111111,2022,CAR
Sione Takitaki,https://a.espncdn.com/i/teamlogos/nfl/500/cle.png,1,0,0,0.1,2020,CLE
Skyy Moore,https://a.espncdn.com/i/teamlogos/nfl/500/kc.png,1,0,1,0.125,2023,KC
Stefon Diggs,https://a.espncdn.com/i/teamlogos/nfl/500/buf.png,1,0,1,0.07142857142857142,2020,BUF
Stefon Diggs,https://a.espncdn.com/i/teamlogos/nfl/500/buf.png,1,0,1,0.07142857142857142,2021,BUF
Stefon Diggs,https://a.espncdn.com/i/teamlogos/nfl/500/buf.png,1,0,1,0.14285714285714285,2023,BUF
Stefon Diggs,https://a.espncdn.com/i/teamlogos/nfl/500/min.png,1,0,1,0.1,2019,MIN
Stephen Anderson,https://a.espncdn.com/i/teamlogos/nfl/500/lac.png,1,0,1,0.1,2021,LAC
Sterling Shepard,https://a.espncdn.com/i/teamlogos/nfl/500/nyg.png,1,0,1,0.14285714285714285,2019,NYG
Sterling Shepard,https://a.espncdn.com/i/teamlogos/nfl/500/nyg.png,1,1,0,0.1111111111111111,2020,NYG
Sterling Shepard,https://a.espncdn.com/i/teamlogos/nfl/500/nyg.png,1,0,1,0.16666666666666666,2021,NYG
T.J. Hockenson,https://a.espncdn.com/i/teamlogos/nfl/500/det.png,1,0,1,0.1111111111111111,2019,DET
T.J. Hockenson,https://a.espncdn.com/i/teamlogos/nfl/500/det.png,1,0,1,0.1,2020,DET
T.J. Hockenson,https://a.espncdn.com/i/teamlogos/nfl/500/det.png,1,0,1,0.2,2021,DET
T.J. Hockenson,https://a.espncdn.com/i/teamlogos/nfl/500/min.png,1,0,1,0.08333333333333333,2022,MIN
T.J. Watt,https://a.espncdn.com/i/teamlogos/nfl/500/pit.png,1,0,0,0.125,2021,PIT
T.Y. Hilton,https://a.espncdn.com/i/teamlogos/nfl/500/ind.png,1,0,1,0.1,2021,IND
Tarik Cohen,https://a.espncdn.com/i/teamlogos/nfl/500/chi.png,1,0,1,0.16666666666666666,2019,CHI
Tavon Austin,https://a.espncdn.com/i/teamlogos/nfl/500/dal.png,1,1,0,0.14285714285714285,2019,DAL
Taysom Hill,https://a.espncdn.com/i/teamlogos/nfl/500/no.png,1,0,1,0.09090909090909091,2019,NO
Taysom Hill,https://a.espncdn.com/i/teamlogos/nfl/500/no.png,1,1,0,0.1,2020,NO
Teddy Bridgewater,https://a.espncdn.com/i/teamlogos/nfl/500/den.png,1,1,0,0.14285714285714285,2021,DEN
Tee Higgins,https://a.espncdn.com/i/teamlogos/nfl/500/cin.png,1,0,1,0.125,2020,CIN
Tee Higgins,https://a.espncdn.com/i/teamlogos/nfl/500/cin.png,1,0,1,0.09090909090909091,2022,CIN
Terry McLaurin,https://a.espncdn.com/i/teamlogos/nfl/500/wsh.png,1,0,1,0.2,2020,WAS
Terry McLaurin,https://a.espncdn.com/i/teamlogos/nfl/500/wsh.png,1,0,1,0.2,2023,WAS
Tevin Coleman,https://a.espncdn.com/i/teamlogos/nfl/500/sf.png,1,1,0,0.09090909090909091,2019,SF
Tevin Coleman,https://a.espncdn.com/i/teamlogos/nfl/500/sf.png,1,0,1,0.08333333333333333,2022,SF
Tim Patrick,https://a.espncdn.com/i/teamlogos/nfl/500/den.png,1,0,1,0.25,2020,DEN
Tim Patrick,https://a.espncdn.com/i/teamlogos/nfl/500/den.png,1,0,1,0.14285714285714285,2021,DEN
Todd Gurley,https://a.espncdn.com/i/teamlogos/nfl/500/atl.png,1,1,0,0.125,2020,ATL
Tom Brady,https://a.espncdn.com/i/teamlogos/nfl/500/tb.png,1,1,0,0.09090909090909091,2020,TB
Tommy Tremble,https://a.espncdn.com/i/teamlogos/nfl/500-dark/car.png,1,0,1,0.1,2021,CAR
Tommy Tremble,https://a.espncdn.com/i/teamlogos/nfl/500-dark/car.png,1,0,1,0.1111111111111111,2022,CAR
Tony Jones,https://a.espncdn.com/i/teamlogos/nfl/500/no.png,1,1,0,0.2,2023,NO
Tony Pollard,https://a.espncdn.com/i/teamlogos/nfl/500/dal.png,1,1,0,0.25,2020,DAL
Tony Pollard,https://a.espncdn.com/i/teamlogos/nfl/500/dal.png,1,1,0,0.1111111111111111,2021,DAL
Tony Pollard,https://a.espncdn.com/i/teamlogos/nfl/500/dal.png,1,1,0,0.07692307692307693,2022,DAL
Travis Homer,https://a.espncdn.com/i/teamlogos/nfl/500/sea.png,1,1,0,0.09090909090909091,2021,SEA
Travis Kelce,https://a.espncdn.com/i/teamlogos/nfl/500/kc.png,1,0,1,0.1111111111111111,2019,KC
Travis Kelce,https://a.espncdn.com/i/teamlogos/nfl/500/kc.png,1,0,1,0.1,2020,KC
Tre'Quan Smith,https://a.espncdn.com/i/teamlogos/nfl/500/no.png,1,0,1,0.16666666666666666,2021,NO
Tre'Quan Smith,https://a.espncdn.com/i/teamlogos/nfl/500/no.png,1,0,1,0.125,2022,NO
Trent Sherfield,https://a.espncdn.com/i/teamlogos/nfl/500/mia.png,1,0,1,0.16666666666666666,2022,MIA
Trent Sherfield,https://a.espncdn.com/i/teamlogos/nfl/500/sf.png,1,0,1,0.1,2021,SF
Trenton Irwin,https://a.espncdn.com/i/teamlogos/nfl/500/cin.png,1,0,1,0.14285714285714285,2023,CIN
Trevor Lawrence,https://a.espncdn.com/i/teamlogos/nfl/500/jax.png,1,1,0,0.1111111111111111,2023,JAX
Trey McBride,https://a.espncdn.com/i/teamlogos/nfl/500/ari.png,1,0,1,0.2,2023,ARI
Treylon Burks,https://a.espncdn.com/i/teamlogos/nfl/500/ten.png,1,0,0,0.09090909090909091,2022,TEN
Troy Fumagalli,https://a.espncdn.com/i/teamlogos/nfl/500/den.png,1,0,1,0.1,2019,DEN
Troy Fumagalli,https://a.espncdn.com/i/teamlogos/nfl/500/den.png,1,0,1,0.25,2020,DEN
Tua Tagovailoa,https://a.espncdn.com/i/teamlogos/nfl/500/mia.png,1,1,0,0.09090909090909091,2021,MIA
Tutu Atwell,https://a.espncdn.com/i/teamlogos/nfl/500/lar.png,1,0,1,0.2,2023,LA
Ty Chandler,https://a.espncdn.com/i/teamlogos/nfl/500/min.png,1,1,0,0.1111111111111111,2023,MIN
Ty Johnson,https://a.espncdn.com/i/teamlogos/nfl/500/nyj.png,1,0,1,0.16666666666666666,2020,NYJ
Ty Sambrailo,https://a.espncdn.com/i/teamlogos/nfl/500/atl.png,1,0,1,0.125,2019,ATL
Ty'Son Williams,https://a.espncdn.com/i/teamlogos/nfl/500/bal.png,1,1,0,0.1111111111111111,2021,BAL
Tyler Allgeier,https://a.espncdn.com/i/teamlogos/nfl/500/atl.png,1,1,0,0.14285714285714285,2022,ATL
Tyler Boyd,https://a.espncdn.com/i/teamlogos/nfl/500/cin.png,1,0,1,0.125,2020,CIN
Tyler Boyd,https://a.espncdn.com/i/teamlogos/nfl/500/cin.png,1,0,1,0.14285714285714285,2021,CIN
Tyler Boyd,https://a.espncdn.com/i/teamlogos/nfl/500/cin.png,1,0,1,0.09090909090909091,2022,CIN
Tyler Boyd,https://a.espncdn.com/i/teamlogos/nfl/500/cin.png,1,0,1,0.14285714285714285,2023,CIN
Tyler Conklin,https://a.espncdn.com/i/teamlogos/nfl/500/min.png,1,0,1,0.09090909090909091,2021,MIN
Tyler Conklin,https://a.espncdn.com/i/teamlogos/nfl/500/nyj.png,1,0,1,0.16666666666666666,2022,NYJ
Tyler Higbee,https://a.espncdn.com/i/teamlogos/nfl/500/lar.png,1,0,1,0.09090909090909091,2019,LA
Tyler Higbee,https://a.espncdn.com/i/teamlogos/nfl/500/lar.png,1,0,1,0.1111111111111111,2020,LA
Tyler Higbee,https://a.espncdn.com/i/teamlogos/nfl/500/lar.png,1,0,1,0.1111111111111111,2022,LA
Tyler Higbee,https://a.espncdn.com/i/teamlogos/nfl/500/lar.png,1,0,1,0.2,2023,LA
Tyler Huntley,https://a.espncdn.com/i/teamlogos/nfl/500/bal.png,1,1,0,0.08333333333333333,2022,BAL
Tyquan Thornton,https://a.espncdn.com/i/teamlogos/nfl/500/ne.png,1,0,1,0.125,2022,NE
Tyrann Mathieu,https://a.espncdn.com/i/teamlogos/nfl/500/kc.png,1,0,0,0.07142857142857142,2021,KC
Tyrann Mathieu,https://a.espncdn.com/i/teamlogos/nfl/500/no.png,1,0,0,0.2,2023,NO
Tyree Jackson,https://a.espncdn.com/i/teamlogos/nfl/500/phi.png,1,0,1,0.14285714285714285,2021,PHI
Tyrod Taylor,https://a.espncdn.com/i/teamlogos/nfl/500/hou.png,1,1,0,0.125,2021,HOU
Van Jefferson,https://a.espncdn.com/i/teamlogos/nfl/500/lar.png,1,0,1,0.07692307692307693,2021,LA
Vernon Davis,https://a.espncdn.com/i/teamlogos/nfl/500/wsh.png,1,0,1,0.16666666666666666,2019,WAS
Vernon Hargreaves III,https://a.espncdn.com/i/teamlogos/nfl/500/tb.png,1,0,0,0.1,2019,TB
Wayne Gallman,https://a.espncdn.com/i/teamlogos/nfl/500/nyg.png,1,0,1,0.14285714285714285,2019,NYG
Willie Snead,https://a.espncdn.com/i/teamlogos/nfl/500/bal.png,1,0,1,0.1,2020,BAL
Xavien Howard,https://a.espncdn.com/i/teamlogos/nfl/500/mia.png,1,0,0,0.09090909090909091,2021,MIA
Xavier Rhodes,https://a.espncdn.com/i/teamlogos/nfl/500/ind.png,1,0,0,0.09090909090909091,2020,IND
Zach Allen,https://a.espncdn.com/i/teamlogos/nfl/500/ari.png,1,0,0,0.08333333333333333,2021,ARI
Zach Ertz,https://a.espncdn.com/i/teamlogos/nfl/500/ari.png,1,0,1,0.08333333333333333,2021,ARI
Zach Ertz,https://a.espncdn.com/i/teamlogos/nfl/500/phi.png,1,0,1,0.16666666666666666,2019,PHI
Zach Ertz,https://a.espncdn.com/i/teamlogos/nfl/500/phi.png,1,0,1,0.16666666666666666,2020,PHI
Zach Sieler,https://a.espncdn.com/i/teamlogos/nfl/500/mia.png,1,0,0,0.14285714285714285,2023,MIA
Zach Wilson,https://a.espncdn.com/i/teamlogos/nfl/500/nyj.png,1,1,0,0.16666666666666666,2021,NYJ
Zach Wilson,https://a.espncdn.com/i/teamlogos/nfl/500/nyj.png,1,0,1,0.16666666666666666,2022,NYJ
Zack Moss,https://a.espncdn.com/i/teamlogos/nfl/500/ind.png,1,1,0,0.16666666666666666,2023,IND
Zay Jones,https://a.espncdn.com/i/teamlogos/nfl/500/jax.png,1,0,1,0.125,2022,JAX
Zay Jones,https://a.espncdn.com/i/teamlogos/nfl/500/jax.png,1,0,1,0.1111111111111111,2023,JAX
